Created on 11-22-2020,https://www.CryptoDataDownload.com
Unix Timestamp,Date,Symbol,Open,High,Low,Close,Volume ETH,Volume BTC
1605830400.0,2020-11-20,ETHBTC,0.02646,0.02714,0.0264,0.02667,12839.1,344.28
1605744000.0,2020-11-19,ETHBTC,0.02692,0.02713,0.02631,0.02646,21082.15,562.79
1605657600.0,2020-11-18,ETHBTC,0.02731,0.02756,0.0263,0.02692,41763.93,1118.35
1605571200.0,2020-11-17,ETHBTC,0.02753,0.028,0.02686,0.02731,34999.56,961.46
1605484800.0,2020-11-16,ETHBTC,0.02808,0.02819,0.02743,0.02753,20044.85,557.92
1605398400.0,2020-11-15,ETHBTC,0.02867,0.02885,0.02786,0.02808,16214.48,460.93
1605312000.0,2020-11-14,ETHBTC,0.02924,0.02928,0.02867,0.02867,20164.5,583.62
1605225600.0,2020-11-13,ETHBTC,0.02841,0.02999,0.02821,0.02924,27395.5,788.99
1605139200.0,2020-11-12,ETHBTC,0.02964,0.02972,0.02829,0.02841,25695.73,744.86
1605052800.0,2020-11-11,ETHBTC,0.02954,0.0317,0.02952,0.02964,26998.43,809.23
1604966400.0,2020-11-10,ETHBTC,0.02905,0.02971,0.0289,0.02954,19439.51,570.67
1604880000.0,2020-11-09,ETHBTC,0.02948,0.02953,0.02901,0.02905,18449.29,540.22
1604793600.0,2020-11-08,ETHBTC,0.0295,0.02979,0.02921,0.02948,17386.0,512.18
1604707200.0,2020-11-07,ETHBTC,0.02932,0.03009,0.02894,0.0295,31154.68,918.44
1604620800.0,2020-11-06,ETHBTC,0.02675,0.0296,0.02674,0.02932,40777.93,1146.69
1604534400.0,2020-11-05,ETHBTC,0.0286,0.02875,0.02659,0.02675,37021.07,1025.03
1604448000.0,2020-11-04,ETHBTC,0.02771,0.0289,0.02753,0.0286,30538.7,862.7
1604361600.0,2020-11-03,ETHBTC,0.02835,0.02848,0.02771,0.02771,25922.86,726.51
1604275200.0,2020-11-02,ETHBTC,0.02889,0.02945,0.02822,0.02835,22114.87,637.2
1604188800.0,2020-11-01,ETHBTC,0.02814,0.029,0.02809,0.02889,11447.45,325.0
1604102400.0,2020-10-31,ETHBTC,0.02829,0.02856,0.02804,0.02814,18862.18,533.56
1604016000.0,2020-10-30,ETHBTC,0.02884,0.02906,0.02816,0.02829,25038.66,714.87
1603929600.0,2020-10-29,ETHBTC,0.02939,0.02967,0.02868,0.02884,15236.21,446.76
1603843200.0,2020-10-28,ETHBTC,0.02959,0.02984,0.02885,0.02939,25717.12,755.1
1603756800.0,2020-10-27,ETHBTC,0.03016,0.03033,0.02939,0.02959,21296.17,637.17
1603670400.0,2020-10-26,ETHBTC,0.03116,0.03135,0.03003,0.03016,37961.24,1157.65
1603584000.0,2020-10-25,ETHBTC,0.03144,0.03188,0.03109,0.03116,21741.98,682.41
1603497600.0,2020-10-24,ETHBTC,0.03166,0.03194,0.03128,0.03144,14405.79,456.59
1603411200.0,2020-10-23,ETHBTC,0.03197,0.03223,0.0315,0.03166,26602.0,850.14
1603324800.0,2020-10-22,ETHBTC,0.03061,0.03213,0.03052,0.03197,39199.92,1237.58
1603238400.0,2020-10-21,ETHBTC,0.03095,0.03118,0.03037,0.03061,35038.97,1081.01
1603152000.0,2020-10-20,ETHBTC,0.03227,0.03238,0.03087,0.03095,38930.08,1220.72
1603065600.0,2020-10-19,ETHBTC,0.03287,0.03292,0.03215,0.03227,16396.28,533.96
1602979200.0,2020-10-18,ETHBTC,0.03242,0.03298,0.03236,0.03287,9548.79,311.7
1602892800.0,2020-10-17,ETHBTC,0.03228,0.03248,0.03221,0.03242,9746.72,315.61
1602806400.0,2020-10-16,ETHBTC,0.03283,0.03292,0.03215,0.03228,29976.01,974.78
1602720000.0,2020-10-15,ETHBTC,0.03317,0.03338,0.03274,0.03283,21987.14,725.89
1602633600.0,2020-10-14,ETHBTC,0.03337,0.03363,0.033,0.03317,29327.54,976.75
1602547200.0,2020-10-13,ETHBTC,0.03353,0.03361,0.0331,0.03337,32015.59,1068.44
1602460800.0,2020-10-12,ETHBTC,0.03291,0.03378,0.03253,0.03353,52364.05,1737.82
1602374400.0,2020-10-11,ETHBTC,0.03282,0.03312,0.03268,0.03291,24241.07,796.58
1602288000.0,2020-10-10,ETHBTC,0.03304,0.0333,0.03272,0.03282,50784.4,1673.05
1602201600.0,2020-10-09,ETHBTC,0.03212,0.03323,0.03206,0.03304,42366.32,1383.5
1602115200.0,2020-10-08,ETHBTC,0.03203,0.03243,0.03166,0.03212,30568.1,978.46
1602028800.0,2020-10-07,ETHBTC,0.03214,0.03221,0.03157,0.03203,30879.22,987.16
1601942400.0,2020-10-06,ETHBTC,0.03277,0.03294,0.03197,0.03214,42174.74,1369.23
1601856000.0,2020-10-05,ETHBTC,0.03304,0.03315,0.03273,0.03277,23708.86,780.11
1601769600.0,2020-10-04,ETHBTC,0.03281,0.03315,0.03261,0.03304,32796.01,1078.4
1601683200.0,2020-10-03,ETHBTC,0.03269,0.03318,0.03262,0.03281,23176.44,762.88
1601596800.0,2020-10-02,ETHBTC,0.03324,0.03331,0.0322,0.03269,55130.97,1800.35
1601510400.0,2020-10-01,ETHBTC,0.0334,0.03387,0.03298,0.03324,39078.28,1306.83
1601424000.0,2020-09-30,ETHBTC,0.0332,0.03358,0.03293,0.0334,27899.17,925.89
1601337600.0,2020-09-29,ETHBTC,0.0331,0.03334,0.03286,0.0332,32087.33,1063.81
1601251200.0,2020-09-28,ETHBTC,0.03318,0.0337,0.03273,0.0331,49332.12,1636.99
1601164800.0,2020-09-27,ETHBTC,0.03299,0.0336,0.03274,0.03318,39601.74,1311.81
1601078400.0,2020-09-26,ETHBTC,0.03292,0.03314,0.03244,0.03299,37037.5,1217.14
1600992000.0,2020-09-25,ETHBTC,0.03252,0.0333,0.03184,0.03292,51028.0,1656.32
1600905600.0,2020-09-24,ETHBTC,0.0313,0.03291,0.03106,0.03252,60046.56,1934.55
1600819200.0,2020-09-23,ETHBTC,0.03268,0.03273,0.03088,0.0313,60810.88,1951.82
1600732800.0,2020-09-22,ETHBTC,0.03265,0.03305,0.03231,0.03268,54035.35,1766.4
1600646400.0,2020-09-21,ETHBTC,0.03397,0.03435,0.03205,0.03265,71388.99,2365.53
1600560000.0,2020-09-20,ETHBTC,0.03476,0.03487,0.03375,0.03397,42595.79,1463.42
1600473600.0,2020-09-19,ETHBTC,0.03517,0.03517,0.03448,0.03476,39066.38,1358.97
1600387200.0,2020-09-18,ETHBTC,0.0356,0.03581,0.03471,0.03517,45709.39,1605.59
1600300800.0,2020-09-17,ETHBTC,0.03334,0.03606,0.03324,0.0356,55744.8,1949.48
1600214400.0,2020-09-16,ETHBTC,0.03376,0.03384,0.03314,0.03334,54444.48,1820.52
1600128000.0,2020-09-15,ETHBTC,0.03534,0.03547,0.0336,0.03376,57200.22,1971.32
1600041600.0,2020-09-14,ETHBTC,0.03546,0.03588,0.03471,0.03534,60692.58,2141.86
1599955200.0,2020-09-13,ETHBTC,0.03714,0.03715,0.03457,0.03546,60899.18,2184.14
1599868800.0,2020-09-12,ETHBTC,0.03599,0.03717,0.0354,0.03714,73644.86,2658.49
1599782400.0,2020-09-11,ETHBTC,0.03558,0.03611,0.03487,0.03599,59386.07,2111.68
1599696000.0,2020-09-10,ETHBTC,0.03433,0.03607,0.03429,0.03558,64428.9,2287.73
1599609600.0,2020-09-09,ETHBTC,0.03332,0.03474,0.03313,0.03433,53284.15,1810.01
1599523200.0,2020-09-08,ETHBTC,0.03409,0.03422,0.03297,0.03332,69561.66,2339.66
1599436800.0,2020-09-07,ETHBTC,0.03438,0.03476,0.03271,0.03409,84463.6,2862.37
1599350400.0,2020-09-06,ETHBTC,0.03295,0.03484,0.03164,0.03438,144567.23,4836.25
1599264000.0,2020-09-05,ETHBTC,0.03689,0.03736,0.03108,0.03295,228783.13,7742.36
1599177600.0,2020-09-04,ETHBTC,0.03762,0.03815,0.03608,0.03689,122166.6,4547.67
1599091200.0,2020-09-03,ETHBTC,0.03858,0.0395,0.03649,0.03762,145433.86,5495.11
1599004800.0,2020-09-02,ETHBTC,0.03987,0.04044,0.03744,0.03858,150970.67,5851.48
1598918400.0,2020-09-01,ETHBTC,0.03724,0.04058,0.03708,0.03987,83040.76,3244.84
1598832000.0,2020-08-31,ETHBTC,0.03661,0.03746,0.03604,0.03724,44993.07,1654.02
1598745600.0,2020-08-30,ETHBTC,0.03476,0.03672,0.03476,0.03661,39859.63,1420.26
1598659200.0,2020-08-29,ETHBTC,0.03429,0.03521,0.03419,0.03476,29358.92,1021.65
1598572800.0,2020-08-28,ETHBTC,0.03383,0.03453,0.03367,0.03429,27835.65,951.01
1598486400.0,2020-08-27,ETHBTC,0.03367,0.0343,0.03328,0.03383,47313.86,1598.3
1598400000.0,2020-08-26,ETHBTC,0.03385,0.0342,0.03351,0.03367,38819.05,1312.95
1598313600.0,2020-08-25,ETHBTC,0.03471,0.03477,0.03281,0.03385,71556.37,2412.32
1598227200.0,2020-08-24,ETHBTC,0.03353,0.03482,0.03343,0.03471,34954.52,1193.4
1598140800.0,2020-08-23,ETHBTC,0.03389,0.03399,0.03327,0.03353,29958.95,1007.42
1598054400.0,2020-08-22,ETHBTC,0.03365,0.03403,0.03333,0.03389,49930.6,1679.97
1597968000.0,2020-08-21,ETHBTC,0.03507,0.03524,0.03346,0.03365,57774.66,1988.42
1597881600.0,2020-08-20,ETHBTC,0.03468,0.03525,0.03446,0.03507,47405.13,1654.72
1597795200.0,2020-08-19,ETHBTC,0.03532,0.0355,0.03388,0.03468,75985.27,2641.07
1597708800.0,2020-08-18,ETHBTC,0.03507,0.03566,0.03474,0.03532,86435.57,3036.09
1597622400.0,2020-08-17,ETHBTC,0.0364,0.03646,0.03491,0.03507,104477.07,3723.89
1597536000.0,2020-08-16,ETHBTC,0.03647,0.03675,0.03523,0.0364,74194.78,2674.16
1597449600.0,2020-08-15,ETHBTC,0.03724,0.03736,0.03577,0.03647,82545.38,3021.31
1597363200.0,2020-08-14,ETHBTC,0.03604,0.0377,0.03577,0.03724,77471.06,2838.66
1597276800.0,2020-08-13,ETHBTC,0.03347,0.03658,0.03345,0.03604,79976.71,2769.88
1597190400.0,2020-08-12,ETHBTC,0.03328,0.03359,0.03278,0.03347,49883.86,1658.04
1597104000.0,2020-08-11,ETHBTC,0.03325,0.03373,0.03286,0.03328,65482.77,2179.58
1597017600.0,2020-08-10,ETHBTC,0.0334,0.03364,0.03273,0.03325,59571.45,1978.89
1596931200.0,2020-08-09,ETHBTC,0.03376,0.03394,0.03305,0.0334,85477.03,2865.8
1596844800.0,2020-08-08,ETHBTC,0.03272,0.03379,0.03261,0.03376,55208.37,1826.89
1596758400.0,2020-08-07,ETHBTC,0.03356,0.03364,0.03174,0.03272,91870.77,3018.51
1596672000.0,2020-08-06,ETHBTC,0.03413,0.03429,0.03336,0.03356,53114.14,1794.53
1596585600.0,2020-08-05,ETHBTC,0.0348,0.03494,0.03381,0.03413,65141.77,2238.72
1596499200.0,2020-08-04,ETHBTC,0.03438,0.03534,0.03435,0.0348,95524.94,3328.12
1596412800.0,2020-08-03,ETHBTC,0.03364,0.03515,0.03349,0.03438,88962.97,3064.55
1596326400.0,2020-08-02,ETHBTC,0.03278,0.0355,0.03018,0.03364,247899.62,8267.5
1596240000.0,2020-08-01,ETHBTC,0.03056,0.03315,0.03029,0.03278,128840.95,4067.17
1596153600.0,2020-07-31,ETHBTC,0.03017,0.03098,0.02993,0.03056,80060.4,2433.85
1596067200.0,2020-07-30,ETHBTC,0.02864,0.0307,0.02862,0.03017,62048.3,1835.26
1595980800.0,2020-07-29,ETHBTC,0.02903,0.02941,0.02852,0.02864,54665.04,1581.56
1595894400.0,2020-07-28,ETHBTC,0.02918,0.0293,0.02849,0.02903,105545.84,3055.48
1595808000.0,2020-07-27,ETHBTC,0.03132,0.0326,0.02866,0.02918,207909.72,6384.57
1595721600.0,2020-07-26,ETHBTC,0.03146,0.03264,0.03056,0.03132,131673.89,4131.7
1595635200.0,2020-07-25,ETHBTC,0.02927,0.03176,0.02927,0.03146,71635.49,2169.87
1595548800.0,2020-07-24,ETHBTC,0.02867,0.02983,0.02827,0.02927,44640.45,1296.26
1595462400.0,2020-07-23,ETHBTC,0.02773,0.02921,0.02744,0.02867,61331.52,1738.44
1595376000.0,2020-07-22,ETHBTC,0.02615,0.02838,0.02599,0.02773,50842.29,1385.44
1595289600.0,2020-07-21,ETHBTC,0.02577,0.02626,0.02572,0.02615,25480.17,662.1
1595203200.0,2020-07-20,ETHBTC,0.02596,0.02604,0.02558,0.02577,20791.88,538.43
1595116800.0,2020-07-19,ETHBTC,0.02571,0.02601,0.02554,0.02596,17038.22,438.29
1595030400.0,2020-07-18,ETHBTC,0.02543,0.02576,0.0254,0.02571,16179.24,413.99
1594944000.0,2020-07-17,ETHBTC,0.02557,0.02565,0.02538,0.02543,18645.35,475.68
1594857600.0,2020-07-16,ETHBTC,0.02595,0.02596,0.0253,0.02557,41411.11,1059.12
1594771200.0,2020-07-15,ETHBTC,0.02598,0.02603,0.0258,0.02595,15456.57,400.66
1594684800.0,2020-07-14,ETHBTC,0.02593,0.02611,0.02582,0.02598,15846.38,411.87
1594598400.0,2020-07-13,ETHBTC,0.02611,0.02633,0.02578,0.02593,25300.12,660.18
1594512000.0,2020-07-12,ETHBTC,0.0259,0.02615,0.02566,0.02611,21487.73,556.79
1594425600.0,2020-07-11,ETHBTC,0.02596,0.02602,0.02581,0.0259,13093.93,339.62
1594339200.0,2020-07-10,ETHBTC,0.02621,0.02622,0.02582,0.02596,17831.93,463.85
1594252800.0,2020-07-09,ETHBTC,0.02617,0.02633,0.02591,0.02621,32256.08,841.95
1594166400.0,2020-07-08,ETHBTC,0.02586,0.02636,0.02575,0.02617,31718.15,826.34
1594080000.0,2020-07-07,ETHBTC,0.02587,0.02603,0.02543,0.02586,27702.2,712.74
1593993600.0,2020-07-06,ETHBTC,0.02509,0.02589,0.02504,0.02587,40231.54,1025.97
1593907200.0,2020-07-05,ETHBTC,0.02509,0.02514,0.02482,0.02509,15293.58,382.18
1593820800.0,2020-07-04,ETHBTC,0.02483,0.02511,0.02481,0.02509,13459.03,335.8
1593734400.0,2020-07-03,ETHBTC,0.02493,0.02503,0.02478,0.02483,25271.27,630.16
1593648000.0,2020-07-02,ETHBTC,0.02502,0.02506,0.02474,0.02493,31185.06,776.79
1593561600.0,2020-07-01,ETHBTC,0.02468,0.0251,0.02459,0.02502,36637.0,910.4
1593475200.0,2020-06-30,ETHBTC,0.0248,0.02489,0.02453,0.02468,20181.88,498.85
1593388800.0,2020-06-29,ETHBTC,0.02466,0.02492,0.02442,0.0248,27935.1,689.06
1593302400.0,2020-06-28,ETHBTC,0.02453,0.02482,0.02436,0.02466,25191.51,619.78
1593216000.0,2020-06-27,ETHBTC,0.02506,0.02516,0.02425,0.02453,30403.35,749.94
1593129600.0,2020-06-26,ETHBTC,0.02515,0.02522,0.02502,0.02506,18768.78,471.38
1593043200.0,2020-06-25,ETHBTC,0.02524,0.02535,0.02509,0.02515,24550.29,619.53
1592956800.0,2020-06-24,ETHBTC,0.02526,0.02596,0.02504,0.02524,47668.63,1210.12
1592870400.0,2020-06-23,ETHBTC,0.02511,0.02534,0.02503,0.02526,17426.51,439.36
1592784000.0,2020-06-22,ETHBTC,0.02452,0.02563,0.02451,0.02511,33194.21,834.01
1592697600.0,2020-06-21,ETHBTC,0.02446,0.02466,0.02443,0.02452,10941.3,268.63
1592611200.0,2020-06-20,ETHBTC,0.02459,0.02473,0.02439,0.02446,13754.05,337.88
1592524800.0,2020-06-19,ETHBTC,0.02463,0.02473,0.02437,0.02459,18142.0,445.66
1592438400.0,2020-06-18,ETHBTC,0.02472,0.02483,0.02444,0.02463,11750.54,289.72
1592352000.0,2020-06-17,ETHBTC,0.02471,0.02485,0.02458,0.02472,18618.56,459.44
1592265600.0,2020-06-16,ETHBTC,0.0245,0.02474,0.02429,0.02471,18862.53,463.04
1592179200.0,2020-06-15,ETHBTC,0.02482,0.02484,0.02426,0.0245,39548.6,970.91
1592092800.0,2020-06-14,ETHBTC,0.02514,0.02522,0.02482,0.02482,14900.12,372.46
1592006400.0,2020-06-13,ETHBTC,0.0251,0.02528,0.025,0.02514,11317.87,284.34
1591920000.0,2020-06-12,ETHBTC,0.02483,0.0252,0.02469,0.0251,24978.3,624.27
1591833600.0,2020-06-11,ETHBTC,0.02508,0.02519,0.02453,0.02483,48692.8,1215.21
1591747200.0,2020-06-10,ETHBTC,0.02496,0.02517,0.02481,0.02508,30240.71,755.56
1591660800.0,2020-06-09,ETHBTC,0.02519,0.02548,0.02481,0.02496,24213.66,607.04
1591574400.0,2020-06-08,ETHBTC,0.0251,0.02529,0.02494,0.02519,20636.66,517.4
1591488000.0,2020-06-07,ETHBTC,0.02504,0.02517,0.02465,0.0251,32217.57,804.34
1591401600.0,2020-06-06,ETHBTC,0.02495,0.02518,0.0249,0.02504,19145.32,479.37
1591315200.0,2020-06-05,ETHBTC,0.02484,0.02517,0.02473,0.02495,25476.45,635.1
1591228800.0,2020-06-04,ETHBTC,0.02531,0.02548,0.02448,0.02484,32219.47,806.9
1591142400.0,2020-06-03,ETHBTC,0.02498,0.02536,0.02479,0.02531,23508.1,588.22
1591056000.0,2020-06-02,ETHBTC,0.02434,0.02544,0.02389,0.02498,77606.35,1913.51
1590969600.0,2020-06-01,ETHBTC,0.0245,0.02528,0.02414,0.02434,77178.7,1913.92
1590883200.0,2020-05-31,ETHBTC,0.02512,0.02538,0.02443,0.0245,40079.05,995.98
1590796800.0,2020-05-30,ETHBTC,0.02342,0.0256,0.02334,0.02512,56974.89,1405.16
1590710400.0,2020-05-29,ETHBTC,0.02301,0.02355,0.02301,0.02342,38165.57,889.82
1590624000.0,2020-05-28,ETHBTC,0.02263,0.02302,0.02214,0.02301,46727.16,1053.71
1590537600.0,2020-05-27,ETHBTC,0.02273,0.02304,0.02242,0.02263,31292.44,710.29
1590451200.0,2020-05-26,ETHBTC,0.02295,0.02302,0.02259,0.02273,23859.05,543.49
1590364800.0,2020-05-25,ETHBTC,0.02291,0.02324,0.02287,0.02295,31928.61,735.88
1590278400.0,2020-05-24,ETHBTC,0.02251,0.0232,0.0225,0.02291,36649.37,833.59
1590192000.0,2020-05-23,ETHBTC,0.02261,0.02279,0.02246,0.02251,26046.3,588.38
1590105600.0,2020-05-22,ETHBTC,0.02192,0.02273,0.02182,0.02261,63944.51,1429.44
1590019200.0,2020-05-21,ETHBTC,0.02207,0.02226,0.02172,0.02192,48556.04,1068.53
1589932800.0,2020-05-20,ETHBTC,0.02195,0.02221,0.02159,0.02207,55943.85,1225.61
1589846400.0,2020-05-19,ETHBTC,0.02208,0.02216,0.0218,0.02195,37655.85,827.2
1589760000.0,2020-05-18,ETHBTC,0.02139,0.02233,0.02131,0.02208,51974.96,1139.82
1589673600.0,2020-05-17,ETHBTC,0.02137,0.02153,0.0209,0.02139,41102.96,872.03
1589587200.0,2020-05-16,ETHBTC,0.0209,0.02153,0.02085,0.02137,49420.44,1049.6
1589500800.0,2020-05-15,ETHBTC,0.02076,0.02132,0.02067,0.0209,66241.84,1384.98
1589414400.0,2020-05-14,ETHBTC,0.02145,0.02145,0.02048,0.02076,71820.63,1501.46
1589328000.0,2020-05-13,ETHBTC,0.02154,0.02175,0.02111,0.02145,41644.36,892.26
1589241600.0,2020-05-12,ETHBTC,0.0217,0.02183,0.02132,0.02154,52849.72,1142.0
1589155200.0,2020-05-11,ETHBTC,0.02151,0.02177,0.02098,0.0217,89481.73,1915.23
1589068800.0,2020-05-10,ETHBTC,0.02202,0.02293,0.02136,0.02151,118130.82,2601.86
1588982400.0,2020-05-09,ETHBTC,0.02156,0.02205,0.02149,0.02202,59047.09,1288.22
1588896000.0,2020-05-08,ETHBTC,0.02123,0.02167,0.02118,0.02156,83072.13,1775.89
1588809600.0,2020-05-07,ETHBTC,0.02175,0.02228,0.02106,0.02123,101380.46,2204.3
1588723200.0,2020-05-06,ETHBTC,0.02276,0.0231,0.02169,0.02175,45314.05,1021.23
1588636800.0,2020-05-05,ETHBTC,0.02328,0.02344,0.02273,0.02276,35626.19,821.4
1588550400.0,2020-05-04,ETHBTC,0.02359,0.02368,0.02272,0.02328,59293.28,1373.39
1588464000.0,2020-05-03,ETHBTC,0.02384,0.02401,0.02344,0.02359,49945.94,1184.28
1588377600.0,2020-05-02,ETHBTC,0.02403,0.02419,0.02375,0.02384,34938.27,838.62
1588291200.0,2020-05-01,ETHBTC,0.0239,0.02436,0.02386,0.02403,55371.16,1332.06
1588204800.0,2020-04-30,ETHBTC,0.02454,0.02466,0.02359,0.0239,172982.12,4150.48
1588118400.0,2020-04-29,ETHBTC,0.02536,0.02601,0.02425,0.02454,115130.0,2897.04
1588032000.0,2020-04-28,ETHBTC,0.02525,0.02548,0.02508,0.02536,61819.47,1564.3
1587945600.0,2020-04-27,ETHBTC,0.02567,0.02572,0.02483,0.02525,64000.0,1621.88
1587859200.0,2020-04-26,ETHBTC,0.02576,0.02596,0.0255,0.02567,63679.11,1638.63
1587772800.0,2020-04-25,ETHBTC,0.02499,0.02596,0.02489,0.02576,96250.61,2463.04
1587686400.0,2020-04-24,ETHBTC,0.02478,0.0251,0.02474,0.02499,58198.69,1451.44
1587600000.0,2020-04-23,ETHBTC,0.02565,0.02608,0.02457,0.02478,118915.5,3016.38
1587513600.0,2020-04-22,ETHBTC,0.02495,0.02576,0.0249,0.02565,69872.74,1774.97
1587427200.0,2020-04-21,ETHBTC,0.02493,0.02532,0.02482,0.02495,51011.27,1276.79
1587340800.0,2020-04-20,ETHBTC,0.02529,0.02587,0.02468,0.02493,106021.16,2681.5
1587254400.0,2020-04-19,ETHBTC,0.02586,0.02599,0.02494,0.02529,75533.55,1921.72
1587168000.0,2020-04-18,ETHBTC,0.02427,0.02603,0.02424,0.02586,90426.02,2274.07
1587081600.0,2020-04-17,ETHBTC,0.02427,0.02448,0.02389,0.02427,54916.66,1327.19
1586995200.0,2020-04-16,ETHBTC,0.02306,0.02476,0.02288,0.02427,132000.18,3174.63
1586908800.0,2020-04-15,ETHBTC,0.02308,0.02339,0.02286,0.02306,41725.56,968.89
1586822400.0,2020-04-14,ETHBTC,0.02286,0.02329,0.02283,0.02308,47053.58,1087.31
1586736000.0,2020-04-13,ETHBTC,0.02297,0.02313,0.0226,0.02286,51909.94,1186.37
1586649600.0,2020-04-12,ETHBTC,0.02303,0.02319,0.02279,0.02297,47016.52,1081.47
1586563200.0,2020-04-11,ETHBTC,0.023,0.02326,0.02272,0.02303,32379.12,746.5
1586476800.0,2020-04-10,ETHBTC,0.02329,0.02358,0.02244,0.023,94822.35,2170.04
1586390400.0,2020-04-09,ETHBTC,0.02351,0.02357,0.02318,0.02329,45143.84,1054.44
1586304000.0,2020-04-08,ETHBTC,0.02287,0.02359,0.02278,0.02351,56219.97,1308.35
1586217600.0,2020-04-07,ETHBTC,0.02336,0.0237,0.02274,0.02287,116859.7,2722.98
1586131200.0,2020-04-06,ETHBTC,0.02106,0.02343,0.02102,0.02336,111476.62,2495.24
1586044800.0,2020-04-05,ETHBTC,0.02101,0.0212,0.02097,0.02106,28971.81,611.34
1585958400.0,2020-04-04,ETHBTC,0.02099,0.02124,0.02081,0.02101,35154.37,738.19
1585872000.0,2020-04-03,ETHBTC,0.0208,0.02109,0.02077,0.02099,87644.33,1831.9
1585785600.0,2020-04-02,ETHBTC,0.02041,0.02121,0.02041,0.0208,112850.14,2332.75
1585699200.0,2020-04-01,ETHBTC,0.02071,0.02118,0.02036,0.02041,48372.8,1003.9
1585612800.0,2020-03-31,ETHBTC,0.02066,0.02086,0.0204,0.02071,35412.29,729.32
1585526400.0,2020-03-30,ETHBTC,0.02116,0.02129,0.02046,0.02066,45626.29,952.13
1585440000.0,2020-03-29,ETHBTC,0.02099,0.02127,0.02087,0.02116,29151.75,613.85
1585353600.0,2020-03-28,ETHBTC,0.02064,0.0212,0.0205,0.02099,52218.04,1081.59
1585267200.0,2020-03-27,ETHBTC,0.02053,0.02078,0.02037,0.02064,67683.68,1388.4
1585180800.0,2020-03-26,ETHBTC,0.02037,0.02068,0.02017,0.02053,59803.95,1217.21
1585094400.0,2020-03-25,ETHBTC,0.02053,0.02108,0.02026,0.02037,68920.57,1418.75
1585008000.0,2020-03-24,ETHBTC,0.02101,0.02117,0.02047,0.02053,98251.01,2038.0
1584921600.0,2020-03-23,ETHBTC,0.02103,0.0214,0.02046,0.02101,105151.22,2199.75
1584835200.0,2020-03-22,ETHBTC,0.02144,0.02152,0.0208,0.02103,88620.0,1874.46
1584748800.0,2020-03-21,ETHBTC,0.0215,0.02159,0.02111,0.02144,107544.5,2300.96
1584662400.0,2020-03-20,ETHBTC,0.02213,0.02278,0.02037,0.0215,213300.08,4610.83
1584576000.0,2020-03-19,ETHBTC,0.02191,0.02236,0.02155,0.02213,159919.61,3516.27
1584489600.0,2020-03-18,ETHBTC,0.02176,0.02204,0.0216,0.02191,97830.99,2133.66
1584403200.0,2020-03-17,ETHBTC,0.02209,0.02259,0.02156,0.02176,88580.07,1955.33
1584316800.0,2020-03-16,ETHBTC,0.02309,0.02331,0.02181,0.02209,227908.62,5145.64
1584230400.0,2020-03-15,ETHBTC,0.02368,0.02383,0.02219,0.02309,113015.53,2618.02
1584144000.0,2020-03-14,ETHBTC,0.02392,0.02442,0.02348,0.02368,119600.71,2857.92
1584057600.0,2020-03-13,ETHBTC,0.02247,0.02529,0.02194,0.02392,844780.5,19822.38
1583971200.0,2020-03-12,ETHBTC,0.02454,0.02457,0.02041,0.02247,681156.29,15391.67
1583884800.0,2020-03-11,ETHBTC,0.02543,0.02557,0.02388,0.02454,109018.09,2689.67
1583798400.0,2020-03-10,ETHBTC,0.02559,0.02572,0.02504,0.02543,79103.74,2006.11
1583712000.0,2020-03-09,ETHBTC,0.02481,0.02617,0.02468,0.02559,155440.13,3950.88
1583625600.0,2020-03-08,ETHBTC,0.0267,0.0267,0.02445,0.02481,148809.78,3842.47
1583539200.0,2020-03-07,ETHBTC,0.02683,0.0275,0.02661,0.0267,130976.74,3523.56
1583452800.0,2020-03-06,ETHBTC,0.02523,0.02685,0.02519,0.02683,110157.68,2856.36
1583366400.0,2020-03-05,ETHBTC,0.02564,0.02575,0.02502,0.02523,81244.66,2069.09
1583280000.0,2020-03-04,ETHBTC,0.02555,0.02595,0.02539,0.02564,75067.01,1923.89
1583193600.0,2020-03-03,ETHBTC,0.02602,0.02614,0.0254,0.02555,125424.99,3232.8
1583107200.0,2020-03-02,ETHBTC,0.02553,0.0263,0.02541,0.02602,118686.18,3061.58
1583020800.0,2020-03-01,ETHBTC,0.02549,0.02605,0.02514,0.02553,109028.76,2798.77
1582934400.0,2020-02-29,ETHBTC,0.0261,0.02658,0.02546,0.02549,77358.85,2016.55
1582848000.0,2020-02-28,ETHBTC,0.02582,0.02636,0.02526,0.0261,159865.0,4135.32
1582761600.0,2020-02-27,ETHBTC,0.02548,0.02662,0.0246,0.02582,237945.73,6087.4
1582675200.0,2020-02-26,ETHBTC,0.02649,0.02668,0.02479,0.02548,258661.74,6656.5
1582588800.0,2020-02-25,ETHBTC,0.02749,0.02752,0.02642,0.02649,160929.7,4342.47
1582502400.0,2020-02-24,ETHBTC,0.02764,0.02779,0.02708,0.02749,162677.59,4470.85
1582416000.0,2020-02-23,ETHBTC,0.02711,0.02766,0.027,0.02764,91781.35,2511.77
1582329600.0,2020-02-22,ETHBTC,0.0274,0.0275,0.02677,0.02711,89546.5,2424.76
1582243200.0,2020-02-21,ETHBTC,0.02678,0.02757,0.02651,0.0274,121342.37,3286.83
1582156800.0,2020-02-20,ETHBTC,0.02693,0.02742,0.02591,0.02678,225509.45,6033.59
1582070400.0,2020-02-19,ETHBTC,0.0278,0.02793,0.02659,0.02693,255408.38,6995.15
1581984000.0,2020-02-18,ETHBTC,0.02761,0.02852,0.02696,0.0278,184989.05,5120.05
1581897600.0,2020-02-17,ETHBTC,0.02611,0.02767,0.02488,0.02761,240644.22,6259.67
1581811200.0,2020-02-16,ETHBTC,0.02674,0.02731,0.02451,0.02611,284221.59,7436.71
1581724800.0,2020-02-15,ETHBTC,0.02758,0.02785,0.02657,0.02674,263918.3,7179.58
1581638400.0,2020-02-14,ETHBTC,0.02623,0.02777,0.02575,0.02758,149132.41,3957.13
1581552000.0,2020-02-13,ETHBTC,0.02574,0.0268,0.02517,0.02623,276681.32,7193.95
1581465600.0,2020-02-12,ETHBTC,0.02316,0.0265,0.02315,0.02574,176015.48,4381.99
1581379200.0,2020-02-11,ETHBTC,0.02263,0.02328,0.02235,0.02316,86866.4,1970.48
1581292800.0,2020-02-10,ETHBTC,0.0225,0.02281,0.02207,0.02263,75499.28,1692.71
1581206400.0,2020-02-09,ETHBTC,0.02256,0.02287,0.0223,0.0225,61295.4,1384.0
1581120000.0,2020-02-08,ETHBTC,0.02275,0.02314,0.02208,0.02256,97985.5,2223.88
1581033600.0,2020-02-07,ETHBTC,0.02181,0.02282,0.02181,0.02275,82957.02,1862.01
1580947200.0,2020-02-06,ETHBTC,0.0212,0.02196,0.02107,0.02181,83724.64,1812.49
1580860800.0,2020-02-05,ETHBTC,0.02054,0.02143,0.02047,0.0212,59313.66,1240.81
1580774400.0,2020-02-04,ETHBTC,0.02041,0.02057,0.02012,0.02054,32587.43,662.4
1580688000.0,2020-02-03,ETHBTC,0.02019,0.02054,0.02012,0.02041,58604.02,1190.1
1580601600.0,2020-02-02,ETHBTC,0.01956,0.02045,0.01944,0.02019,81791.69,1636.89
1580515200.0,2020-02-01,ETHBTC,0.01925,0.01959,0.01917,0.01956,43337.2,841.0
1580428800.0,2020-01-31,ETHBTC,0.01942,0.01955,0.019,0.01925,52032.76,1005.78
1580342400.0,2020-01-30,ETHBTC,0.01868,0.01954,0.01851,0.01942,65665.51,1242.41
1580256000.0,2020-01-29,ETHBTC,0.01873,0.01906,0.01865,0.01868,28091.8,530.62
1580169600.0,2020-01-28,ETHBTC,0.01909,0.01916,0.01872,0.01873,49537.71,940.32
1580083200.0,2020-01-27,ETHBTC,0.01949,0.01954,0.01904,0.01909,36570.92,706.67
1579996800.0,2020-01-26,ETHBTC,0.01922,0.01955,0.01916,0.01949,28058.72,541.83
1579910400.0,2020-01-25,ETHBTC,0.01926,0.01937,0.01899,0.01922,19957.21,382.89
1579824000.0,2020-01-24,ETHBTC,0.01937,0.01943,0.01883,0.01926,44356.47,848.32
1579737600.0,2020-01-23,ETHBTC,0.01936,0.01955,0.01911,0.01937,48708.53,939.82
1579651200.0,2020-01-22,ETHBTC,0.01937,0.01943,0.01934,0.01936,3786.38,73.38
1579564800.0,2020-01-21,ETHBTC,0.01931,0.01953,0.01917,0.01937,24157.64,467.07
1579478400.0,2020-01-20,ETHBTC,0.01918,0.01942,0.01888,0.01931,43862.08,838.34
1579392000.0,2020-01-19,ETHBTC,0.01952,0.01967,0.01889,0.01918,109088.42,2101.09
1579305600.0,2020-01-18,ETHBTC,0.01907,0.02004,0.01873,0.01952,145275.64,2817.6
1579219200.0,2020-01-17,ETHBTC,0.01882,0.01942,0.01869,0.01907,107481.69,2050.16
1579132800.0,2020-01-16,ETHBTC,0.01887,0.01895,0.0184,0.01882,73849.93,1375.83
1579046400.0,2020-01-15,ETHBTC,0.0188,0.01947,0.01842,0.01887,142922.89,2697.6
1578960000.0,2020-01-14,ETHBTC,0.0177,0.01932,0.01734,0.0188,227312.81,4136.42
1578873600.0,2020-01-13,ETHBTC,0.01791,0.01795,0.01757,0.0177,36914.62,653.52
1578787200.0,2020-01-12,ETHBTC,0.01776,0.01792,0.0176,0.01791,44063.44,782.53
1578700800.0,2020-01-11,ETHBTC,0.01768,0.01807,0.01751,0.01776,58050.85,1030.1
1578614400.0,2020-01-10,ETHBTC,0.01761,0.01794,0.01745,0.01768,46420.64,820.93
1578528000.0,2020-01-09,ETHBTC,0.01747,0.0177,0.01731,0.01761,50318.13,881.19
1578441600.0,2020-01-08,ETHBTC,0.01753,0.01753,0.01695,0.01747,238865.56,4115.82
1578355200.0,2020-01-07,ETHBTC,0.01859,0.01859,0.01752,0.01753,51928.23,932.15
1578268800.0,2020-01-06,ETHBTC,0.0184,0.0189,0.01835,0.01859,36248.05,674.87
1578182400.0,2020-01-05,ETHBTC,0.01824,0.01856,0.01815,0.0184,30472.86,558.52
1578096000.0,2020-01-04,ETHBTC,0.0183,0.01836,0.01815,0.01824,16222.99,296.07
1578009600.0,2020-01-03,ETHBTC,0.01824,0.01843,0.01778,0.0183,66826.42,1206.27
1577923200.0,2020-01-02,ETHBTC,0.01815,0.01831,0.01798,0.01824,338311.94,6136.75
1577836800.0,2020-01-01,ETHBTC,0.01796,0.01835,0.01793,0.01815,28116.67,510.53
1577750400.0,2019-12-31,ETHBTC,0.01817,0.0183,0.01788,0.01796,59910.04,1081.6
1577664000.0,2019-12-30,ETHBTC,0.01818,0.0184,0.01792,0.01817,48187.18,874.53
1577577600.0,2019-12-29,ETHBTC,0.01751,0.01834,0.01748,0.01818,66023.23,1185.06
1577491200.0,2019-12-28,ETHBTC,0.01742,0.01765,0.01738,0.01751,21717.88,379.54
1577404800.0,2019-12-27,ETHBTC,0.01744,0.01758,0.01725,0.01742,59043.38,1026.74
1577318400.0,2019-12-26,ETHBTC,0.01737,0.01782,0.0173,0.01744,48259.41,845.2
1577232000.0,2019-12-25,ETHBTC,0.0176,0.01763,0.01717,0.01737,75800.84,1314.31
1577145600.0,2019-12-24,ETHBTC,0.01747,0.01777,0.01736,0.0176,32966.38,577.05
1577059200.0,2019-12-23,ETHBTC,0.01762,0.01776,0.01722,0.01747,60769.24,1064.53
1576972800.0,2019-12-22,ETHBTC,0.0178,0.01817,0.0176,0.01762,46173.44,825.56
1576886400.0,2019-12-21,ETHBTC,0.01784,0.0179,0.01773,0.0178,24690.8,439.67
1576800000.0,2019-12-20,ETHBTC,0.01792,0.01797,0.01773,0.01784,70820.99,1261.71
1576713600.0,2019-12-19,ETHBTC,0.01825,0.01833,0.01759,0.01792,98882.02,1766.14
1576627200.0,2019-12-18,ETHBTC,0.01841,0.0188,0.018,0.01825,168339.28,3096.92
1576540800.0,2019-12-17,ETHBTC,0.01925,0.01935,0.0182,0.01841,95982.76,1809.47
1576454400.0,2019-12-16,ETHBTC,0.02003,0.02008,0.01879,0.01925,132188.57,2555.51
1576368000.0,2019-12-15,ETHBTC,0.02008,0.02016,0.01985,0.02003,39343.37,787.65
1576281600.0,2019-12-14,ETHBTC,0.01995,0.02017,0.01976,0.02008,43084.9,862.52
1576195200.0,2019-12-13,ETHBTC,0.02014,0.02015,0.01982,0.01995,38828.12,774.97
1576108800.0,2019-12-12,ETHBTC,0.01989,0.02019,0.0196,0.02014,51339.87,1023.49
1576022400.0,2019-12-11,ETHBTC,0.02015,0.0202,0.01975,0.01989,24008.18,480.54
1575936000.0,2019-12-10,ETHBTC,0.02008,0.02024,0.01992,0.02015,37007.21,741.95
1575849600.0,2019-12-09,ETHBTC,0.02003,0.02013,0.01971,0.02008,70461.78,1407.08
1575763200.0,2019-12-08,ETHBTC,0.01964,0.02009,0.0196,0.02003,41944.73,832.74
1575676800.0,2019-12-07,ETHBTC,0.01972,0.01979,0.0196,0.01964,33500.48,660.17
1575590400.0,2019-12-06,ETHBTC,0.02004,0.0201,0.01967,0.01972,48002.23,954.49
1575504000.0,2019-12-05,ETHBTC,0.02022,0.02025,0.01976,0.02004,70180.61,1401.81
1575417600.0,2019-12-04,ETHBTC,0.02019,0.02039,0.01915,0.02022,127493.4,2550.76
1575331200.0,2019-12-03,ETHBTC,0.02038,0.02043,0.02013,0.02019,52715.61,1070.83
1575244800.0,2019-12-02,ETHBTC,0.02039,0.02054,0.02023,0.02038,39931.39,814.58
1575158400.0,2019-12-01,ETHBTC,0.02009,0.02058,0.01995,0.02039,91889.31,1859.79
1575072000.0,2019-11-30,ETHBTC,0.01996,0.02017,0.01981,0.02009,29482.11,589.16
1574985600.0,2019-11-29,ETHBTC,0.02032,0.02052,0.01979,0.01996,111911.42,2261.92
1574899200.0,2019-11-28,ETHBTC,0.02032,0.02048,0.02002,0.02032,47548.17,963.67
1574812800.0,2019-11-27,ETHBTC,0.02061,0.02078,0.02026,0.02032,153102.25,3142.52
1574726400.0,2019-11-26,ETHBTC,0.0205,0.02083,0.02035,0.02061,71880.59,1475.02
1574640000.0,2019-11-25,ETHBTC,0.02027,0.02114,0.02013,0.0205,264050.02,5428.28
1574553600.0,2019-11-24,ETHBTC,0.02077,0.021,0.0202,0.02027,73958.81,1527.63
1574467200.0,2019-11-23,ETHBTC,0.02057,0.02107,0.02039,0.02077,57451.12,1193.56
1574380800.0,2019-11-22,ETHBTC,0.02111,0.0212,0.02023,0.02057,295076.65,6121.8
1574294400.0,2019-11-21,ETHBTC,0.02158,0.02169,0.02085,0.02111,171465.78,3636.1
1574208000.0,2019-11-20,ETHBTC,0.02162,0.02184,0.02144,0.02158,44033.56,954.34
1574121600.0,2019-11-19,ETHBTC,0.02177,0.02178,0.0214,0.02162,62360.68,1347.24
1574035200.0,2019-11-18,ETHBTC,0.02162,0.02179,0.02143,0.02177,54797.51,1185.71
1573948800.0,2019-11-17,ETHBTC,0.02148,0.02172,0.02134,0.02162,35104.32,756.34
1573862400.0,2019-11-16,ETHBTC,0.02125,0.02163,0.02123,0.02148,27358.49,586.04
1573776000.0,2019-11-15,ETHBTC,0.02138,0.02149,0.02095,0.02125,96517.52,2049.07
1573689600.0,2019-11-14,ETHBTC,0.02144,0.02151,0.02121,0.02138,61473.07,1313.43
1573603200.0,2019-11-13,ETHBTC,0.02122,0.0216,0.02116,0.02144,47166.84,1006.32
1573516800.0,2019-11-12,ETHBTC,0.02117,0.02143,0.02105,0.02122,75810.86,1608.84
1573430400.0,2019-11-11,ETHBTC,0.02092,0.0215,0.0209,0.02117,72610.58,1543.5
1573344000.0,2019-11-10,ETHBTC,0.02099,0.02163,0.02072,0.02092,120450.43,2543.36
1573257600.0,2019-11-09,ETHBTC,0.02094,0.02107,0.02078,0.02099,53691.16,1124.6
1573171200.0,2019-11-08,ETHBTC,0.02026,0.02099,0.02012,0.02094,143269.06,2955.48
1573084800.0,2019-11-07,ETHBTC,0.02049,0.02053,0.02013,0.02026,59701.02,1211.35
1572998400.0,2019-11-06,ETHBTC,0.02027,0.02072,0.0202,0.02046,88313.21,1802.58
1572912000.0,2019-11-05,ETHBTC,0.01978,0.02058,0.0197,0.02027,93049.86,1865.05
1572825600.0,2019-11-04,ETHBTC,0.01974,0.02023,0.01966,0.01978,118016.95,2351.65
1572739200.0,2019-11-03,ETHBTC,0.01969,0.01993,0.0196,0.01974,28691.84,566.65
1572652800.0,2019-11-02,ETHBTC,0.01982,0.0199,0.01958,0.01969,31340.99,618.63
1572566400.0,2019-11-01,ETHBTC,0.01993,0.02008,0.0195,0.01982,67158.19,1329.73
1572480000.0,2019-10-31,ETHBTC,0.02,0.02015,0.0196,0.01993,101705.37,2019.68
1572393600.0,2019-10-30,ETHBTC,0.02025,0.02053,0.01987,0.02,123759.92,2494.81
1572307200.0,2019-10-29,ETHBTC,0.01973,0.02046,0.01957,0.02025,155147.38,3099.7
1572220800.0,2019-10-28,ETHBTC,0.0193,0.01979,0.01898,0.01973,118580.14,2296.24
1572134400.0,2019-10-27,ETHBTC,0.01944,0.01959,0.01911,0.0193,157792.54,3048.63
1572048000.0,2019-10-26,ETHBTC,0.02096,0.02106,0.01883,0.01944,366020.76,7205.0
1571961600.0,2019-10-25,ETHBTC,0.02164,0.02197,0.02082,0.02096,203523.22,4346.05
1571875200.0,2019-10-24,ETHBTC,0.02176,0.02185,0.02137,0.02164,74895.11,1622.39
1571788800.0,2019-10-23,ETHBTC,0.02135,0.0218,0.02066,0.02176,378292.1,8038.19
1571702400.0,2019-10-22,ETHBTC,0.0212,0.02136,0.02089,0.02135,64432.76,1362.83
1571616000.0,2019-10-21,ETHBTC,0.02132,0.02148,0.021,0.0212,62670.33,1330.0
1571529600.0,2019-10-20,ETHBTC,0.02161,0.02171,0.02122,0.02132,73931.91,1589.56
1571443200.0,2019-10-19,ETHBTC,0.02175,0.02196,0.0214,0.02161,54659.74,1187.23
1571356800.0,2019-10-18,ETHBTC,0.02196,0.02209,0.02149,0.02175,135869.36,2963.12
1571270400.0,2019-10-17,ETHBTC,0.02183,0.02207,0.02175,0.02196,48331.87,1057.98
1571184000.0,2019-10-16,ETHBTC,0.02212,0.0222,0.0217,0.02183,101587.58,2222.47
1571097600.0,2019-10-15,ETHBTC,0.02237,0.02254,0.02184,0.02212,107046.17,2365.83
1571011200.0,2019-10-14,ETHBTC,0.02187,0.02249,0.02185,0.02237,60784.32,1345.45
1570924800.0,2019-10-13,ETHBTC,0.02165,0.02199,0.02158,0.02187,44184.79,963.77
1570838400.0,2019-10-12,ETHBTC,0.02187,0.0221,0.02138,0.02165,66701.08,1458.53
1570752000.0,2019-10-11,ETHBTC,0.02233,0.02269,0.02159,0.02187,191844.01,4239.87
1570665600.0,2019-10-10,ETHBTC,0.0225,0.02264,0.02203,0.02233,71110.12,1593.28
1570579200.0,2019-10-09,ETHBTC,0.0221,0.02303,0.022,0.0225,167638.23,3763.86
1570492800.0,2019-10-08,ETHBTC,0.02196,0.02232,0.02177,0.0221,75669.51,1668.54
1570406400.0,2019-10-07,ETHBTC,0.02166,0.0221,0.0216,0.02196,112420.3,2458.68
1570320000.0,2019-10-06,ETHBTC,0.02169,0.02198,0.02142,0.02166,95621.73,2077.01
1570233600.0,2019-10-05,ETHBTC,0.02157,0.02182,0.02138,0.02169,58789.43,1270.46
1570147200.0,2019-10-04,ETHBTC,0.02124,0.02179,0.02122,0.02157,59245.62,1270.97
1570060800.0,2019-10-03,ETHBTC,0.02157,0.02158,0.02098,0.02124,71960.74,1534.09
1569974400.0,2019-10-02,ETHBTC,0.02118,0.0217,0.0211,0.02157,75372.99,1614.4
1569888000.0,2019-10-01,ETHBTC,0.02182,0.02209,0.021,0.02118,141668.34,3045.38
1569801600.0,2019-09-30,ETHBTC,0.02104,0.02186,0.02103,0.02182,151144.71,3241.39
1569715200.0,2019-09-29,ETHBTC,0.02115,0.02124,0.0207,0.02104,145429.56,3055.79
1569628800.0,2019-09-28,ETHBTC,0.02125,0.02152,0.02092,0.02115,153239.99,3255.09
1569542400.0,2019-09-27,ETHBTC,0.02058,0.0216,0.02043,0.02125,169242.06,3523.7
1569456000.0,2019-09-26,ETHBTC,0.02016,0.02062,0.01964,0.02058,163699.71,3300.54
1569369600.0,2019-09-25,ETHBTC,0.01949,0.02034,0.01942,0.02016,220828.23,4400.06
1569283200.0,2019-09-24,ETHBTC,0.02075,0.02079,0.01875,0.01949,753360.32,14778.97
1569196800.0,2019-09-23,ETHBTC,0.02106,0.02134,0.02054,0.02075,116882.5,2455.6
1569110400.0,2019-09-22,ETHBTC,0.02155,0.02157,0.02064,0.02106,81763.35,1722.3
1569024000.0,2019-09-21,ETHBTC,0.02144,0.0218,0.0214,0.02155,80827.38,1746.36
1568937600.0,2019-09-20,ETHBTC,0.0215,0.02156,0.02106,0.02144,97714.04,2085.25
1568851200.0,2019-09-19,ETHBTC,0.0207,0.02224,0.02027,0.0215,266040.54,5640.5
1568764800.0,2019-09-18,ETHBTC,0.0204,0.02127,0.0204,0.0207,159980.91,3343.25
1568678400.0,2019-09-17,ETHBTC,0.01925,0.02099,0.01918,0.0204,160717.97,3207.4
1568592000.0,2019-09-16,ETHBTC,0.01835,0.01955,0.01835,0.01925,144251.35,2717.82
1568505600.0,2019-09-15,ETHBTC,0.01821,0.01844,0.01805,0.01835,55610.2,1014.79
1568419200.0,2019-09-14,ETHBTC,0.01748,0.01823,0.01745,0.01821,53293.42,947.46
1568332800.0,2019-09-13,ETHBTC,0.01736,0.01763,0.01729,0.01748,43995.16,767.01
1568246400.0,2019-09-12,ETHBTC,0.01756,0.01764,0.01735,0.01736,62797.91,1099.44
1568160000.0,2019-09-11,ETHBTC,0.0178,0.01799,0.01745,0.01756,80283.83,1423.43
1568073600.0,2019-09-10,ETHBTC,0.01752,0.01783,0.01751,0.0178,92169.98,1630.51
1567987200.0,2019-09-09,ETHBTC,0.01745,0.01776,0.01723,0.01752,109438.62,1917.13
1567900800.0,2019-09-08,ETHBTC,0.017,0.01757,0.017,0.01745,96422.96,1670.36
1567814400.0,2019-09-07,ETHBTC,0.01641,0.01719,0.0163,0.017,133867.39,2254.25
1567728000.0,2019-09-06,ETHBTC,0.01645,0.0166,0.01614,0.01641,119233.06,1950.67
1567641600.0,2019-09-05,ETHBTC,0.01654,0.01659,0.01615,0.01645,66889.74,1094.66
1567555200.0,2019-09-04,ETHBTC,0.01684,0.01699,0.01641,0.01654,87850.54,1473.35
1567468800.0,2019-09-03,ETHBTC,0.01721,0.0173,0.01671,0.01684,84018.17,1428.26
1567382400.0,2019-09-02,ETHBTC,0.01754,0.01774,0.01715,0.01721,69980.45,1224.28
1567296000.0,2019-09-01,ETHBTC,0.0179,0.018,0.0175,0.01754,43101.04,763.27
1567209600.0,2019-08-31,ETHBTC,0.01757,0.0181,0.01737,0.0179,57072.7,1007.16
1567123200.0,2019-08-30,ETHBTC,0.0178,0.01786,0.01749,0.01757,54852.0,969.99
1567036800.0,2019-08-29,ETHBTC,0.01779,0.01797,0.01737,0.0178,114467.44,2032.57
1566950400.0,2019-08-28,ETHBTC,0.0184,0.01844,0.01707,0.01779,147819.66,2624.24
1566864000.0,2019-08-27,ETHBTC,0.01818,0.01857,0.01811,0.0184,45375.67,832.85
1566777600.0,2019-08-26,ETHBTC,0.0184,0.01865,0.01806,0.01818,85187.59,1559.49
1566691200.0,2019-08-25,ETHBTC,0.01882,0.01887,0.01827,0.0184,44807.86,833.83
1566604800.0,2019-08-24,ETHBTC,0.01868,0.019,0.01852,0.01882,55927.29,1050.0
1566518400.0,2019-08-23,ETHBTC,0.01885,0.01903,0.01851,0.01868,90698.71,1706.2
1566432000.0,2019-08-22,ETHBTC,0.01848,0.01916,0.01848,0.01885,77801.24,1460.29
1566345600.0,2019-08-21,ETHBTC,0.01827,0.01863,0.0181,0.01848,96676.82,1776.37
1566259200.0,2019-08-20,ETHBTC,0.01854,0.01855,0.01821,0.01827,60040.04,1105.66
1566172800.0,2019-08-19,ETHBTC,0.01887,0.01893,0.01839,0.01854,68596.64,1283.18
1566086400.0,2019-08-18,ETHBTC,0.01816,0.01899,0.01806,0.01887,62480.57,1157.09
1566000000.0,2019-08-17,ETHBTC,0.0179,0.01827,0.01778,0.01816,62546.79,1124.19
1565913600.0,2019-08-16,ETHBTC,0.01826,0.01853,0.01764,0.0179,122854.31,2230.72
1565827200.0,2019-08-15,ETHBTC,0.0186,0.01887,0.01798,0.01826,174637.09,3217.79
1565740800.0,2019-08-14,ETHBTC,0.01921,0.0198,0.01803,0.0186,171407.31,3240.43
1565654400.0,2019-08-13,ETHBTC,0.01855,0.01928,0.01834,0.01921,81150.59,1520.7
1565568000.0,2019-08-12,ETHBTC,0.01875,0.01876,0.0185,0.01855,39904.11,743.67
1565481600.0,2019-08-11,ETHBTC,0.01825,0.01899,0.01824,0.01875,77502.4,1440.23
1565395200.0,2019-08-10,ETHBTC,0.01773,0.01827,0.01769,0.01825,92605.64,1663.03
1565308800.0,2019-08-09,ETHBTC,0.01844,0.01853,0.01757,0.01773,77859.1,1408.45
1565222400.0,2019-08-08,ETHBTC,0.01888,0.0191,0.01837,0.01844,104814.53,1975.38
1565136000.0,2019-08-07,ETHBTC,0.01971,0.01975,0.01875,0.01888,130378.01,2505.73
1565049600.0,2019-08-06,ETHBTC,0.01975,0.01994,0.01904,0.01971,163182.63,3180.7
1564963200.0,2019-08-05,ETHBTC,0.02029,0.02038,0.01941,0.01975,150966.78,2990.27
1564876800.0,2019-08-04,ETHBTC,0.02053,0.02059,0.0201,0.02029,67714.76,1378.44
1564790400.0,2019-08-03,ETHBTC,0.02068,0.02094,0.02034,0.02053,72030.37,1484.33
1564704000.0,2019-08-02,ETHBTC,0.0209,0.02117,0.02056,0.02068,113099.43,2358.9
1564617600.0,2019-08-01,ETHBTC,0.02167,0.02167,0.02075,0.0209,73134.1,1552.58
1564531200.0,2019-07-31,ETHBTC,0.0219,0.02215,0.02145,0.02167,86067.85,1875.41
1564444800.0,2019-07-30,ETHBTC,0.02219,0.02222,0.02177,0.0219,68765.82,1508.36
1564358400.0,2019-07-29,ETHBTC,0.02217,0.02227,0.0219,0.02219,78719.46,1737.14
1564272000.0,2019-07-28,ETHBTC,0.02187,0.02236,0.02161,0.02217,96757.25,2119.79
1564185600.0,2019-07-27,ETHBTC,0.02227,0.0223,0.02159,0.02187,185481.69,4064.31
1564099200.0,2019-07-26,ETHBTC,0.02218,0.023,0.02197,0.02227,119104.49,2640.14
1564012800.0,2019-07-25,ETHBTC,0.02216,0.02238,0.02193,0.02218,76523.28,1690.9
1563926400.0,2019-07-24,ETHBTC,0.02153,0.02249,0.02085,0.02216,160351.64,3450.01
1563840000.0,2019-07-23,ETHBTC,0.02102,0.02165,0.02097,0.02153,114018.59,2419.09
1563753600.0,2019-07-22,ETHBTC,0.02129,0.02139,0.0208,0.02102,150358.3,3180.07
1563667200.0,2019-07-21,ETHBTC,0.02125,0.02144,0.02099,0.02129,105739.71,2242.39
1563580800.0,2019-07-20,ETHBTC,0.021,0.02186,0.02099,0.02125,139707.1,2989.99
1563494400.0,2019-07-19,ETHBTC,0.02124,0.0213,0.02078,0.021,205069.32,4312.45
1563408000.0,2019-07-18,ETHBTC,0.0218,0.02233,0.021,0.02124,307733.36,6783.32
1563321600.0,2019-07-17,ETHBTC,0.0211,0.02236,0.02097,0.0218,369794.53,7923.03
1563235200.0,2019-07-16,ETHBTC,0.02106,0.02143,0.02012,0.0211,329394.21,6890.25
1563148800.0,2019-07-15,ETHBTC,0.02218,0.02231,0.02051,0.02106,362506.16,7813.72
1563062400.0,2019-07-14,ETHBTC,0.02366,0.0241,0.02198,0.02218,359509.27,8199.67
1562976000.0,2019-07-13,ETHBTC,0.02335,0.02435,0.02328,0.02366,132885.01,3140.19
1562889600.0,2019-07-12,ETHBTC,0.02368,0.02407,0.02319,0.02335,192657.47,4552.95
1562803200.0,2019-07-11,ETHBTC,0.02386,0.02427,0.02306,0.02368,304951.23,7214.19
1562716800.0,2019-07-10,ETHBTC,0.02453,0.0246,0.02291,0.02386,342616.12,8132.65
1562630400.0,2019-07-09,ETHBTC,0.02548,0.0256,0.02437,0.02453,200055.14,4988.37
1562544000.0,2019-07-08,ETHBTC,0.0267,0.02693,0.02526,0.02548,507979.78,13420.87
1562457600.0,2019-07-07,ETHBTC,0.0256,0.02707,0.02551,0.0267,241356.71,6325.95
1562371200.0,2019-07-06,ETHBTC,0.02617,0.02619,0.02531,0.0256,355347.28,9106.76
1562284800.0,2019-07-05,ETHBTC,0.02536,0.02644,0.02513,0.02617,233601.58,6050.22
1562198400.0,2019-07-04,ETHBTC,0.0253,0.02569,0.02484,0.02536,251634.95,6321.55
1562112000.0,2019-07-03,ETHBTC,0.02688,0.02689,0.02517,0.0253,392855.48,10131.67
1562025600.0,2019-07-02,ETHBTC,0.02777,0.02834,0.02655,0.02688,391987.09,10852.37
1561939200.0,2019-07-01,ETHBTC,0.02697,0.028,0.02662,0.02782,817921.51,22587.78
1561852800.0,2019-06-30,ETHBTC,0.02668,0.02708,0.02605,0.02697,999355.91,26415.98
1561766400.0,2019-06-29,ETHBTC,0.02508,0.02709,0.02498,0.02668,331032.62,8540.56
1561680000.0,2019-06-28,ETHBTC,0.02635,0.02712,0.02497,0.02508,367500.41,9560.53
1561593600.0,2019-06-27,ETHBTC,0.02591,0.02732,0.02566,0.02635,581908.48,15313.58
1561507200.0,2019-06-26,ETHBTC,0.02695,0.02762,0.02532,0.02591,494477.73,13098.57
1561420800.0,2019-06-25,ETHBTC,0.02819,0.02822,0.02689,0.02695,247299.63,6802.68
1561334400.0,2019-06-24,ETHBTC,0.02827,0.02863,0.02793,0.02819,283604.65,8021.3
1561248000.0,2019-06-23,ETHBTC,0.02897,0.02944,0.02806,0.02827,278823.2,8037.35
1561161600.0,2019-06-22,ETHBTC,0.02895,0.02973,0.02777,0.02897,430757.83,12328.26
1561075200.0,2019-06-21,ETHBTC,0.02852,0.02987,0.0285,0.02895,289807.65,8474.93
1560988800.0,2019-06-20,ETHBTC,0.02898,0.02908,0.02804,0.02852,195611.29,5617.97
1560902400.0,2019-06-19,ETHBTC,0.02913,0.02944,0.0289,0.02898,116742.9,3410.51
1560816000.0,2019-06-18,ETHBTC,0.02933,0.02948,0.02886,0.02913,132607.22,3875.64
1560729600.0,2019-06-17,ETHBTC,0.02991,0.02996,0.02908,0.02933,166043.61,4882.33
1560643200.0,2019-06-16,ETHBTC,0.03041,0.03047,0.02938,0.02991,106003.87,3171.57
1560556800.0,2019-06-15,ETHBTC,0.03034,0.03083,0.03018,0.03041,167516.84,5108.15
1560470400.0,2019-06-14,ETHBTC,0.03099,0.03119,0.03022,0.03034,273015.4,8387.97
1560384000.0,2019-06-13,ETHBTC,0.03216,0.03227,0.03077,0.03099,366479.82,11649.47
1560297600.0,2019-06-12,ETHBTC,0.03098,0.03223,0.03082,0.03216,375719.97,11753.15
1560211200.0,2019-06-11,ETHBTC,0.03075,0.03124,0.03069,0.03098,207438.86,6413.76
1560124800.0,2019-06-10,ETHBTC,0.03026,0.03076,0.03019,0.03073,129620.63,3962.24
1560038400.0,2019-06-09,ETHBTC,0.03081,0.03096,0.02998,0.03026,339405.33,10351.46
1559952000.0,2019-06-08,ETHBTC,0.03119,0.03127,0.03074,0.03081,52738.68,1636.2
1559865600.0,2019-06-07,ETHBTC,0.03197,0.0321,0.03111,0.03119,264426.36,8282.99
1559779200.0,2019-06-06,ETHBTC,0.03159,0.03212,0.03135,0.03197,251349.16,7924.02
1559692800.0,2019-06-05,ETHBTC,0.03139,0.03184,0.03092,0.03159,246602.2,7732.84
1559606400.0,2019-06-04,ETHBTC,0.0308,0.03159,0.03073,0.03139,1664112.9,52103.0
1559520000.0,2019-06-03,ETHBTC,0.03082,0.03108,0.0304,0.0308,758287.13,23374.49
1559433600.0,2019-06-02,ETHBTC,0.03091,0.03132,0.03066,0.03082,432540.24,13383.88
1559347200.0,2019-06-01,ETHBTC,0.03132,0.03215,0.03082,0.03091,378384.65,11869.76
1559260800.0,2019-05-31,ETHBTC,0.03077,0.03137,0.03022,0.03132,496673.34,15304.88
1559174400.0,2019-05-30,ETHBTC,0.03111,0.03315,0.02979,0.03077,579398.19,18434.49
1559088000.0,2019-05-29,ETHBTC,0.03111,0.03138,0.03075,0.03111,401816.57,12514.43
1559001600.0,2019-05-28,ETHBTC,0.03093,0.03152,0.03067,0.03111,384760.84,11935.46
1558915200.0,2019-05-27,ETHBTC,0.0307,0.03144,0.03038,0.03093,471130.56,14443.36
1558828800.0,2019-05-26,ETHBTC,0.03117,0.03138,0.03015,0.0307,487474.41,15111.16
1558742400.0,2019-05-25,ETHBTC,0.03124,0.03191,0.03105,0.03117,420563.28,13198.34
1558656000.0,2019-05-24,ETHBTC,0.03117,0.03168,0.031,0.03124,499418.97,15625.69
1558569600.0,2019-05-23,ETHBTC,0.03195,0.03212,0.03072,0.03117,562581.57,17588.53
1558483200.0,2019-05-22,ETHBTC,0.03206,0.03261,0.03137,0.03195,535183.89,17187.28
1558396800.0,2019-05-21,ETHBTC,0.03154,0.03274,0.03154,0.03206,583340.61,18605.48
1558310400.0,2019-05-20,ETHBTC,0.03181,0.03224,0.03109,0.03154,661341.44,20870.02
1558224000.0,2019-05-19,ETHBTC,0.03219,0.0325,0.03161,0.03181,641438.88,20521.26
1558137600.0,2019-05-18,ETHBTC,0.0332,0.034,0.03195,0.03219,558759.55,18192.07
1558051200.0,2019-05-17,ETHBTC,0.0336,0.03394,0.03154,0.0332,1022979.03,33581.06
1557964800.0,2019-05-16,ETHBTC,0.03036,0.03472,0.02998,0.0336,1156741.7,37785.12
1557878400.0,2019-05-15,ETHBTC,0.02723,0.03063,0.0271,0.03036,894573.64,25950.52
1557792000.0,2019-05-14,ETHBTC,0.0251,0.0278,0.02483,0.02723,678521.32,17727.96
1557705600.0,2019-05-13,ETHBTC,0.02698,0.02724,0.02457,0.0251,569392.72,14905.97
1557619200.0,2019-05-12,ETHBTC,0.02672,0.02725,0.02616,0.02698,859483.63,22987.7
1557532800.0,2019-05-11,ETHBTC,0.02712,0.02874,0.02551,0.02672,1061396.86,29087.27
1557446400.0,2019-05-10,ETHBTC,0.02766,0.02814,0.027,0.02712,555032.83,15214.77
1557360000.0,2019-05-09,ETHBTC,0.02854,0.02855,0.0273,0.02766,478959.21,13405.32
1557273600.0,2019-05-08,ETHBTC,0.0289,0.02913,0.0284,0.02854,466241.1,13398.97
1557187200.0,2019-05-07,ETHBTC,0.03011,0.03141,0.02973,0.02996,270509.97,8214.18
1557100800.0,2019-05-06,ETHBTC,0.02825,0.03092,0.02814,0.03011,487879.04,14329.2
1557014400.0,2019-05-05,ETHBTC,0.02807,0.02842,0.02787,0.02825,322179.6,9088.05
1556928000.0,2019-05-04,ETHBTC,0.02911,0.02923,0.02798,0.02807,383660.8,10954.15
1556841600.0,2019-05-03,ETHBTC,0.02946,0.02961,0.02818,0.02911,468720.35,13634.3
1556755200.0,2019-05-02,ETHBTC,0.02976,0.02998,0.02916,0.02946,386428.28,11411.76
1556668800.0,2019-05-01,ETHBTC,0.03041,0.03063,0.02962,0.02976,373531.92,11218.24
1556582400.0,2019-04-30,ETHBTC,0.02961,0.03051,0.0296,0.03041,414701.42,12453.42
1556496000.0,2019-04-29,ETHBTC,0.02973,0.02988,0.02927,0.02961,384722.23,11400.74
1556409600.0,2019-04-28,ETHBTC,0.0301,0.03013,0.02971,0.02973,337983.23,10118.94
1556323200.0,2019-04-27,ETHBTC,0.02972,0.03039,0.02956,0.0301,359811.57,10751.16
1556236800.0,2019-04-26,ETHBTC,0.02966,0.02989,0.02917,0.02972,513183.97,15132.18
1556150400.0,2019-04-25,ETHBTC,0.03042,0.0305,0.02925,0.02966,494047.83,14819.67
1556064000.0,2019-04-24,ETHBTC,0.0308,0.03083,0.02967,0.03042,506417.33,15311.78
1555977600.0,2019-04-23,ETHBTC,0.03185,0.03186,0.03066,0.0308,475402.43,14883.75
1555891200.0,2019-04-22,ETHBTC,0.03207,0.03246,0.03182,0.03185,326475.65,10486.39
1555804800.0,2019-04-21,ETHBTC,0.03266,0.03274,0.03182,0.03207,317933.0,10232.44
1555718400.0,2019-04-20,ETHBTC,0.03283,0.03325,0.03241,0.03266,300238.28,9830.06
1555632000.0,2019-04-19,ETHBTC,0.03295,0.03312,0.03243,0.03283,314385.05,10310.57
1555545600.0,2019-04-18,ETHBTC,0.03187,0.03327,0.03175,0.03295,344960.05,11302.25
1555459200.0,2019-04-17,ETHBTC,0.03197,0.03202,0.03164,0.03187,244506.75,7790.63
1555372800.0,2019-04-16,ETHBTC,0.03182,0.03235,0.03174,0.03197,348005.99,11139.29
1555286400.0,2019-04-15,ETHBTC,0.03258,0.03269,0.03112,0.03182,350652.56,11269.06
1555200000.0,2019-04-14,ETHBTC,0.0323,0.03266,0.03212,0.03258,305440.88,9861.02
1555113600.0,2019-04-13,ETHBTC,0.03234,0.0325,0.03202,0.0323,348873.08,11263.16
1555027200.0,2019-04-12,ETHBTC,0.0327,0.03284,0.03221,0.03234,418223.97,13623.4
1554940800.0,2019-04-11,ETHBTC,0.03338,0.0334,0.03215,0.0327,670071.47,21930.68
1554854400.0,2019-04-10,ETHBTC,0.0339,0.03475,0.03258,0.03338,550654.72,18745.78
1554768000.0,2019-04-09,ETHBTC,0.03414,0.03444,0.03373,0.0339,549700.56,18691.55
1554681600.0,2019-04-08,ETHBTC,0.03369,0.03531,0.03363,0.03414,778983.92,26860.16
1554595200.0,2019-04-07,ETHBTC,0.0328,0.03404,0.03247,0.03369,469727.32,15480.01
1554508800.0,2019-04-06,ETHBTC,0.03293,0.03339,0.0315,0.0328,432923.84,14182.19
1554422400.0,2019-04-05,ETHBTC,0.03212,0.03336,0.03197,0.03293,414718.14,13591.34
1554336000.0,2019-04-04,ETHBTC,0.03241,0.0326,0.0314,0.03212,571886.3,18422.12
1554249600.0,2019-04-03,ETHBTC,0.03363,0.03492,0.03122,0.03241,852099.09,28651.4
1554163200.0,2019-04-02,ETHBTC,0.03408,0.03412,0.0305,0.03363,781537.66,25517.81
1554076800.0,2019-04-01,ETHBTC,0.03447,0.03463,0.03386,0.03408,235327.39,8082.73
1552953600.0,2019-03-19,ETHBTC,0.0345,0.03483,0.03448,0.03465,8277.88,286.87
1552867200.0,2019-03-18,ETHBTC,0.03483,0.03524,0.03435,0.0345,159925.62,5547.48
1552780800.0,2019-03-17,ETHBTC,0.03519,0.03519,0.03451,0.03483,146659.87,5109.75
1552694400.0,2019-03-16,ETHBTC,0.0348,0.03572,0.0348,0.03519,258848.36,9119.56
1552608000.0,2019-03-15,ETHBTC,0.03408,0.03502,0.03408,0.0348,236806.23,8177.37
1552521600.0,2019-03-14,ETHBTC,0.03406,0.03452,0.03383,0.03408,249686.22,8511.19
1552435200.0,2019-03-13,ETHBTC,0.03439,0.0344,0.03397,0.03406,237356.39,8099.52
1552348800.0,2019-03-12,ETHBTC,0.03427,0.03484,0.03361,0.03439,286358.81,9809.86
1552262400.0,2019-03-11,ETHBTC,0.03457,0.03467,0.03407,0.03427,605636.6,20833.27
1552176000.0,2019-03-10,ETHBTC,0.03481,0.03494,0.03439,0.03457,762132.14,26422.34
1552089600.0,2019-03-09,ETHBTC,0.03455,0.03538,0.03447,0.03481,783915.25,27344.36
1552003200.0,2019-03-08,ETHBTC,0.03532,0.03545,0.03414,0.03455,813731.87,28496.89
1551916800.0,2019-03-07,ETHBTC,0.03557,0.03588,0.0352,0.03532,665652.02,23613.55
1551830400.0,2019-03-06,ETHBTC,0.03545,0.03611,0.03489,0.03557,778040.86,27643.69
1551744000.0,2019-03-05,ETHBTC,0.03381,0.03558,0.03373,0.03545,582629.96,20172.32
1551657600.0,2019-03-04,ETHBTC,0.03429,0.03431,0.03336,0.03381,487835.9,16507.4
1551571200.0,2019-03-03,ETHBTC,0.03469,0.03515,0.03384,0.03429,263096.75,9139.91
1551484800.0,2019-03-02,ETHBTC,0.03539,0.03552,0.03425,0.03469,296331.43,10331.8
1551398400.0,2019-03-01,ETHBTC,0.03547,0.03583,0.03528,0.03539,260828.53,9260.51
1551312000.0,2019-02-28,ETHBTC,0.03537,0.036,0.03495,0.03547,369512.19,13145.92
1551225600.0,2019-02-27,ETHBTC,0.03577,0.03655,0.03408,0.03537,342319.87,12198.98
1551139200.0,2019-02-26,ETHBTC,0.03602,0.03613,0.03523,0.03577,286125.23,10230.85
1551052800.0,2019-02-25,ETHBTC,0.03533,0.03676,0.03519,0.03602,368161.34,13292.84
1550966400.0,2019-02-24,ETHBTC,0.03831,0.03959,0.03522,0.03533,459102.34,17265.7
1550880000.0,2019-02-23,ETHBTC,0.03719,0.03919,0.03698,0.03831,220751.69,8350.6
1550793600.0,2019-02-22,ETHBTC,0.03699,0.03741,0.03662,0.03719,148483.95,5512.62
1550707200.0,2019-02-21,ETHBTC,0.03738,0.0375,0.03648,0.03699,172197.12,6360.18
1550620800.0,2019-02-20,ETHBTC,0.03674,0.03765,0.036,0.03738,192823.47,7111.65
1550534400.0,2019-02-19,ETHBTC,0.0374,0.03796,0.03664,0.03674,130036.69,4856.16
1550448000.0,2019-02-18,ETHBTC,0.03654,0.0383,0.03622,0.0374,129386.31,4812.02
1550361600.0,2019-02-17,ETHBTC,0.03392,0.03686,0.03387,0.03654,118111.85,4153.24
1550275200.0,2019-02-16,ETHBTC,0.03378,0.03415,0.03376,0.03392,92230.94,3125.26
1550188800.0,2019-02-15,ETHBTC,0.03356,0.03408,0.0335,0.03378,135219.02,4569.93
1550102400.0,2019-02-14,ETHBTC,0.03377,0.03436,0.03352,0.03356,145834.74,4941.82
1550016000.0,2019-02-13,ETHBTC,0.0337,0.03452,0.03358,0.03377,182409.16,6186.28
1549929600.0,2019-02-12,ETHBTC,0.03328,0.03387,0.033,0.0337,131247.26,4385.49
1549843200.0,2019-02-11,ETHBTC,0.03399,0.034,0.03297,0.03328,185639.01,6186.49
1549756800.0,2019-02-10,ETHBTC,0.03252,0.03417,0.03202,0.03399,138227.1,4507.72
1549670400.0,2019-02-09,ETHBTC,0.03258,0.033,0.03235,0.03252,127708.15,4159.33
1549584000.0,2019-02-08,ETHBTC,0.03073,0.03309,0.03059,0.03258,217878.55,6942.24
1549497600.0,2019-02-07,ETHBTC,0.0307,0.03103,0.03064,0.03073,107838.04,3321.54
1549411200.0,2019-02-06,ETHBTC,0.03092,0.03105,0.02986,0.0307,147557.58,4485.3
1549324800.0,2019-02-05,ETHBTC,0.03109,0.03114,0.03082,0.03092,99881.32,3095.13
1549238400.0,2019-02-04,ETHBTC,0.03103,0.03138,0.03088,0.03109,101724.23,3163.17
1549152000.0,2019-02-03,ETHBTC,0.0315,0.03165,0.03089,0.03103,112783.35,3525.56
1549065600.0,2019-02-02,ETHBTC,0.03082,0.03161,0.03076,0.0315,107718.25,3340.07
1548979200.0,2019-02-01,ETHBTC,0.031,0.0311,0.03045,0.03082,137784.51,4239.56
1548892800.0,2019-01-31,ETHBTC,0.0313,0.03171,0.03077,0.031,122439.94,3819.52
1548806400.0,2019-01-30,ETHBTC,0.03063,0.03162,0.03044,0.0313,146538.75,4539.2
1548720000.0,2019-01-29,ETHBTC,0.03075,0.03099,0.03024,0.03063,151782.58,4655.6
1548633600.0,2019-01-28,ETHBTC,0.03155,0.03174,0.0298,0.03075,206131.96,6320.65
1548547200.0,2019-01-27,ETHBTC,0.03234,0.03244,0.03155,0.03155,127719.26,4097.67
1548460800.0,2019-01-26,ETHBTC,0.03229,0.03267,0.03213,0.03234,105714.04,3423.07
1548374400.0,2019-01-25,ETHBTC,0.03262,0.03301,0.03227,0.03229,145350.27,4726.55
1548288000.0,2019-01-24,ETHBTC,0.03277,0.03281,0.03223,0.03262,117852.68,3842.19
1548201600.0,2019-01-23,ETHBTC,0.03298,0.03316,0.03261,0.03277,122717.78,4039.45
1548115200.0,2019-01-22,ETHBTC,0.03278,0.03313,0.03222,0.03298,134711.87,4427.12
1548028800.0,2019-01-21,ETHBTC,0.03321,0.03328,0.03237,0.03278,126662.29,4167.15
1547942400.0,2019-01-20,ETHBTC,0.03344,0.03352,0.03297,0.03321,145686.89,4847.21
1547856000.0,2019-01-19,ETHBTC,0.03314,0.03385,0.03314,0.03344,135378.72,4524.95
1547769600.0,2019-01-18,ETHBTC,0.03366,0.03374,0.0329,0.03314,130646.24,4366.16
1547683200.0,2019-01-17,ETHBTC,0.03385,0.03397,0.03305,0.03366,188845.34,6342.66
1547596800.0,2019-01-16,ETHBTC,0.03352,0.0348,0.03329,0.03385,184265.29,6229.95
1547510400.0,2019-01-15,ETHBTC,0.03501,0.03554,0.03289,0.03352,181242.83,6263.64
1547424000.0,2019-01-14,ETHBTC,0.03284,0.03551,0.0328,0.03501,163434.27,5554.15
1547337600.0,2019-01-13,ETHBTC,0.03441,0.03446,0.03237,0.03284,152823.68,5129.63
1547251200.0,2019-01-12,ETHBTC,0.03462,0.035,0.03416,0.03441,116473.19,4033.62
1547164800.0,2019-01-11,ETHBTC,0.03485,0.0353,0.0337,0.03462,181853.62,6297.26
1547078400.0,2019-01-10,ETHBTC,0.03734,0.03747,0.03412,0.03485,283646.4,9994.19
1546992000.0,2019-01-09,ETHBTC,0.0373,0.03808,0.03714,0.03734,129028.88,4841.1
1546905600.0,2019-01-08,ETHBTC,0.03759,0.03778,0.0369,0.0373,221314.21,8242.33
1546819200.0,2019-01-07,ETHBTC,0.03858,0.03872,0.03732,0.03759,175428.31,6680.56
1546732800.0,2019-01-06,ETHBTC,0.04051,0.04071,0.03839,0.03858,212420.14,8405.2
1546646400.0,2019-01-05,ETHBTC,0.0401,0.04168,0.04,0.04051,259234.45,10618.02
1546560000.0,2019-01-04,ETHBTC,0.03867,0.04087,0.03867,0.0401,223354.85,8903.05
1546473600.0,2019-01-03,ETHBTC,0.0394,0.03992,0.03816,0.03867,161857.3,6316.47
1546387200.0,2019-01-02,ETHBTC,0.03658,0.04,0.03653,0.0394,319099.4,12317.13
1546300800.0,2019-01-01,ETHBTC,0.03552,0.03752,0.03532,0.03658,178168.66,6455.95
1546214400.0,2018-12-31,ETHBTC,0.03621,0.03631,0.0353,0.03552,166069.35,5949.53
1546128000.0,2018-12-30,ETHBTC,0.03597,0.03656,0.03505,0.03621,217478.94,7794.93
1546041600.0,2018-12-29,ETHBTC,0.03524,0.03743,0.0342,0.03597,240741.67,8525.54
1545955200.0,2018-12-28,ETHBTC,0.0319,0.03544,0.03152,0.03524,259508.15,8618.62
1545868800.0,2018-12-27,ETHBTC,0.03423,0.03442,0.03141,0.0319,244050.32,8010.85
1545782400.0,2018-12-26,ETHBTC,0.03404,0.03536,0.03342,0.03423,262082.38,8984.49
1545696000.0,2018-12-25,ETHBTC,0.03443,0.03467,0.03295,0.03404,373105.44,12611.43
1545609600.0,2018-12-24,ETHBTC,0.03284,0.03782,0.03275,0.03443,434607.39,15290.15
1545523200.0,2018-12-23,ETHBTC,0.02915,0.03311,0.02914,0.03284,331720.36,10566.96
1545436800.0,2018-12-22,ETHBTC,0.02806,0.02936,0.02781,0.02915,222485.21,6362.91
1545350400.0,2018-12-21,ETHBTC,0.02809,0.02871,0.02751,0.02806,311559.43,8791.29
1545264000.0,2018-12-20,ETHBTC,0.02696,0.02866,0.02677,0.02809,356206.88,9765.49
1545177600.0,2018-12-19,ETHBTC,0.02749,0.02828,0.02685,0.02696,358585.57,9830.44
1545091200.0,2018-12-18,ETHBTC,0.02681,0.02762,0.02642,0.02749,241218.44,6464.44
1545004800.0,2018-12-17,ETHBTC,0.02622,0.02715,0.02616,0.02681,574181.89,15156.23
1544918400.0,2018-12-16,ETHBTC,0.02607,0.02676,0.02607,0.02622,136988.8,3624.38
1544832000.0,2018-12-15,ETHBTC,0.02599,0.02617,0.02587,0.02607,124540.74,3244.43
1544745600.0,2018-12-14,ETHBTC,0.02615,0.02632,0.02585,0.02599,162026.09,4230.42
1544659200.0,2018-12-13,ETHBTC,0.02594,0.02653,0.02585,0.02615,175750.85,4597.34
1544572800.0,2018-12-12,ETHBTC,0.02595,0.02629,0.02583,0.02594,154253.69,4023.66
1544486400.0,2018-12-11,ETHBTC,0.02618,0.02654,0.02574,0.02597,161273.63,4200.35
1544400000.0,2018-12-10,ETHBTC,0.0263,0.02644,0.02584,0.02618,169456.76,4422.23
1544313600.0,2018-12-09,ETHBTC,0.02648,0.02701,0.0261,0.0263,212534.21,5646.57
1544227200.0,2018-12-08,ETHBTC,0.02736,0.02812,0.02548,0.02648,252981.18,6733.46
1544140800.0,2018-12-07,ETHBTC,0.02597,0.02775,0.02461,0.02736,400623.22,10332.96
1544054400.0,2018-12-06,ETHBTC,0.02725,0.02732,0.02552,0.02597,241320.91,6404.47
1543968000.0,2018-12-05,ETHBTC,0.02781,0.02788,0.02721,0.02725,152208.82,4204.56
1543881600.0,2018-12-04,ETHBTC,0.02798,0.02809,0.0277,0.02781,167056.47,4665.53
1543795200.0,2018-12-03,ETHBTC,0.02803,0.02841,0.0277,0.02798,179467.61,5039.45
1543708800.0,2018-12-02,ETHBTC,0.02818,0.02836,0.02787,0.02803,150145.71,4218.59
1543622400.0,2018-12-01,ETHBTC,0.02817,0.02882,0.02782,0.02818,160468.44,4520.59
1543536000.0,2018-11-30,ETHBTC,0.02747,0.02851,0.02732,0.02812,210979.82,5903.65
1543449600.0,2018-11-29,ETHBTC,0.02886,0.02894,0.02739,0.02747,179275.99,5014.81
1543363200.0,2018-11-28,ETHBTC,0.02873,0.02913,0.02792,0.02886,226183.07,6449.04
1543276800.0,2018-11-27,ETHBTC,0.02866,0.02903,0.02777,0.02873,216326.11,6121.24
1543190400.0,2018-11-26,ETHBTC,0.02903,0.02917,0.02838,0.02866,254491.72,7307.73
1543104000.0,2018-11-25,ETHBTC,0.0292,0.0294,0.02784,0.02903,509642.18,14609.92
1543017600.0,2018-11-24,ETHBTC,0.0283,0.03116,0.02806,0.02835,101715.44,2910.8
1542931200.0,2018-11-23,ETHBTC,0.02894,0.0292,0.02796,0.0283,281457.04,8018.39
1542844800.0,2018-11-22,ETHBTC,0.02966,0.03,0.02888,0.02894,165567.09,4865.24
1542758400.0,2018-11-21,ETHBTC,0.02931,0.03012,0.02878,0.02966,292952.22,8662.25
1542672000.0,2018-11-20,ETHBTC,0.03064,0.03092,0.02868,0.02931,559904.21,16762.24
1542585600.0,2018-11-19,ETHBTC,0.03159,0.03163,0.02908,0.03064,355070.93,10697.74
1542499200.0,2018-11-18,ETHBTC,0.03129,0.03196,0.03125,0.03159,131925.22,4153.25
1542412800.0,2018-11-17,ETHBTC,0.03132,0.0316,0.03108,0.03129,110222.92,3455.82
1542326400.0,2018-11-16,ETHBTC,0.03203,0.03218,0.03123,0.03132,163495.13,5193.48
1542240000.0,2018-11-15,ETHBTC,0.03169,0.03229,0.03127,0.03203,311001.06,9866.0
1542153600.0,2018-11-14,ETHBTC,0.03247,0.03262,0.03018,0.03169,361390.45,11452.27
1542067200.0,2018-11-13,ETHBTC,0.03298,0.03303,0.03236,0.03247,97597.63,3193.34
1541980800.0,2018-11-12,ETHBTC,0.03298,0.03313,0.03278,0.03298,88511.36,2919.22
1541894400.0,2018-11-11,ETHBTC,0.03315,0.0332,0.0327,0.03298,84720.29,2797.88
1541808000.0,2018-11-10,ETHBTC,0.03285,0.03333,0.0328,0.03315,89071.81,2944.6
1541721600.0,2018-11-09,ETHBTC,0.03284,0.03311,0.03262,0.03285,92972.32,3059.88
1541635200.0,2018-11-08,ETHBTC,0.03331,0.03349,0.03281,0.03284,97563.6,3226.6
1541548800.0,2018-11-07,ETHBTC,0.03385,0.03408,0.03317,0.03331,111558.14,3745.28
1541462400.0,2018-11-06,ETHBTC,0.03256,0.03392,0.03242,0.03385,116397.95,3854.17
1541376000.0,2018-11-05,ETHBTC,0.03271,0.03281,0.03221,0.03256,92175.57,2991.6
1541289600.0,2018-11-04,ETHBTC,0.03135,0.03358,0.03128,0.03271,101040.29,3223.13
1541203200.0,2018-11-03,ETHBTC,0.03146,0.03149,0.03131,0.03135,74287.3,2331.65
1541116800.0,2018-11-02,ETHBTC,0.03121,0.03164,0.03115,0.03146,81968.03,2567.92
1541030400.0,2018-11-01,ETHBTC,0.03119,0.03132,0.0311,0.03121,86754.6,2704.94
1540944000.0,2018-10-31,ETHBTC,0.03117,0.0313,0.0308,0.03119,89281.87,2777.7
1540857600.0,2018-10-30,ETHBTC,0.03104,0.03123,0.03095,0.03117,87485.83,2717.8
1540771200.0,2018-10-29,ETHBTC,0.03162,0.03177,0.0308,0.03104,90297.84,2828.38
1540684800.0,2018-10-28,ETHBTC,0.03142,0.03165,0.03139,0.03162,75582.55,2380.4
1540598400.0,2018-10-27,ETHBTC,0.03134,0.03147,0.03131,0.03142,77559.59,2433.63
1540512000.0,2018-10-26,ETHBTC,0.03122,0.03169,0.0311,0.03134,81247.16,2542.92
1540425600.0,2018-10-25,ETHBTC,0.03127,0.03132,0.03105,0.03122,81139.19,2532.13
1540339200.0,2018-10-24,ETHBTC,0.03143,0.03147,0.03122,0.03127,79628.07,2494.85
1540252800.0,2018-10-23,ETHBTC,0.03142,0.03156,0.03108,0.03143,79745.67,2494.96
1540166400.0,2018-10-22,ETHBTC,0.03148,0.0316,0.03128,0.03142,72234.41,2271.21
1540080000.0,2018-10-21,ETHBTC,0.03159,0.03195,0.03125,0.03148,73302.57,2317.88
1539993600.0,2018-10-20,ETHBTC,0.03138,0.03178,0.0313,0.03159,76676.04,2421.07
1539907200.0,2018-10-19,ETHBTC,0.03117,0.03145,0.03105,0.03138,77358.62,2419.52
1539820800.0,2018-10-18,ETHBTC,0.0316,0.03174,0.031,0.03117,81689.15,2565.07
1539734400.0,2018-10-17,ETHBTC,0.03185,0.03204,0.03147,0.0316,71547.12,2269.44
1539648000.0,2018-10-16,ETHBTC,0.03176,0.03176,0.03158,0.03158,1949.82,61.71
1539561600.0,2018-10-15,ETHBTC,0.03104,0.03335,0.03086,0.03176,90195.76,2847.94
1539475200.0,2018-10-14,ETHBTC,0.03182,0.03186,0.03086,0.03104,24026.24,759.4
1539388800.0,2018-10-13,ETHBTC,0.03129,0.032,0.03124,0.03182,28745.29,911.02
1539302400.0,2018-10-12,ETHBTC,0.03068,0.03176,0.03062,0.03129,66352.66,2071.77
1539216000.0,2018-10-11,ETHBTC,0.03421,0.03431,0.03046,0.03068,96973.46,3113.63
1539129600.0,2018-10-10,ETHBTC,0.03432,0.03445,0.03411,0.03421,70375.84,2412.76
1539043200.0,2018-10-09,ETHBTC,0.0345,0.03463,0.03422,0.03432,69582.14,2394.69
1538956800.0,2018-10-08,ETHBTC,0.03422,0.03467,0.03401,0.0345,75251.03,2580.64
1538870400.0,2018-10-07,ETHBTC,0.03413,0.03429,0.03385,0.03422,67303.17,2293.91
1538784000.0,2018-10-06,ETHBTC,0.03442,0.0345,0.03397,0.03413,69288.91,2372.63
1538697600.0,2018-10-05,ETHBTC,0.03375,0.03474,0.03349,0.03442,75350.03,2552.96
1538611200.0,2018-10-04,ETHBTC,0.03391,0.03429,0.03356,0.03375,79697.82,2711.71
1538524800.0,2018-10-03,ETHBTC,0.03457,0.03459,0.03353,0.03391,82828.4,2810.73
1538438400.0,2018-10-02,ETHBTC,0.03502,0.0351,0.03445,0.03457,75558.67,2626.22
1538352000.0,2018-10-01,ETHBTC,0.03518,0.03538,0.03443,0.03502,84263.76,2942.52
1538265600.0,2018-09-30,ETHBTC,0.03507,0.03589,0.03462,0.03518,86775.46,3061.18
1538179200.0,2018-09-29,ETHBTC,0.03345,0.03603,0.03297,0.03507,98656.78,3415.34
1538092800.0,2018-09-28,ETHBTC,0.03425,0.03452,0.03282,0.03345,94010.06,3180.27
1538006400.0,2018-09-27,ETHBTC,0.03313,0.03471,0.03253,0.03425,86455.97,2896.86
1537920000.0,2018-09-26,ETHBTC,0.03401,0.03411,0.03246,0.03313,100166.92,3332.19
1537833600.0,2018-09-25,ETHBTC,0.03463,0.03464,0.03202,0.03401,102187.99,3413.0
1537747200.0,2018-09-24,ETHBTC,0.03648,0.03661,0.03429,0.03463,89178.77,3166.4
1537660800.0,2018-09-23,ETHBTC,0.03584,0.03681,0.03537,0.03648,84109.18,3037.1
1537574400.0,2018-09-22,ETHBTC,0.03666,0.03735,0.03512,0.03584,92847.29,3330.8
1537488000.0,2018-09-21,ETHBTC,0.03458,0.03713,0.03349,0.03666,104792.43,3616.2
1537401600.0,2018-09-20,ETHBTC,0.03285,0.03478,0.03238,0.03458,84565.27,2778.26
1537315200.0,2018-09-19,ETHBTC,0.03292,0.03371,0.03222,0.03285,94468.02,3115.95
1537228800.0,2018-09-18,ETHBTC,0.03137,0.03364,0.03112,0.03292,99154.66,3187.79
1537142400.0,2018-09-17,ETHBTC,0.03386,0.03444,0.0309,0.03137,107610.76,3558.55
1537056000.0,2018-09-16,ETHBTC,0.03404,0.03431,0.03251,0.03386,81736.03,2745.89
1536969600.0,2018-09-15,ETHBTC,0.03233,0.0347,0.03216,0.03404,94034.63,3153.42
1536883200.0,2018-09-14,ETHBTC,0.0325,0.03405,0.03152,0.03233,120541.15,3953.42
1536796800.0,2018-09-13,ETHBTC,0.02891,0.03299,0.02889,0.0325,131987.58,4043.51
1536710400.0,2018-09-12,ETHBTC,0.02945,0.02945,0.02692,0.02891,118671.22,3327.38
1536624000.0,2018-09-11,ETHBTC,0.03125,0.0314,0.02858,0.02945,110932.82,3336.09
1536537600.0,2018-09-10,ETHBTC,0.03136,0.0321,0.03,0.03125,102710.72,3194.67
1536451200.0,2018-09-09,ETHBTC,0.03185,0.03247,0.0301,0.03136,93255.3,2921.4
1536364800.0,2018-09-08,ETHBTC,0.03365,0.03411,0.03103,0.03185,83262.65,2756.75
1536278400.0,2018-09-07,ETHBTC,0.03526,0.0359,0.03355,0.03365,84200.96,2906.32
1536192000.0,2018-09-06,ETHBTC,0.03413,0.03599,0.03334,0.03526,98429.97,3458.9
1536105600.0,2018-09-05,ETHBTC,0.0388,0.03897,0.0339,0.03413,85680.95,3162.42
1536019200.0,2018-09-04,ETHBTC,0.03977,0.03999,0.03849,0.0388,74778.24,2933.87
1535932800.0,2018-09-03,ETHBTC,0.04047,0.04053,0.0395,0.03977,74811.91,2984.64
1535846400.0,2018-09-02,ETHBTC,0.04103,0.04141,0.04012,0.04047,69064.74,2808.23
1535760000.0,2018-09-01,ETHBTC,0.04013,0.0417,0.04013,0.04103,71590.19,2927.12
1535673600.0,2018-08-31,ETHBTC,0.04066,0.04073,0.03978,0.04013,70544.97,2837.31
1535587200.0,2018-08-30,ETHBTC,0.04103,0.04129,0.03995,0.04066,67856.38,2756.79
1535500800.0,2018-08-29,ETHBTC,0.04172,0.04193,0.04088,0.04103,68997.57,2856.11
1535414400.0,2018-08-28,ETHBTC,0.04164,0.0419,0.04017,0.04172,76302.41,3142.79
1535328000.0,2018-08-27,ETHBTC,0.04094,0.04171,0.0407,0.04164,79097.49,3256.44
1535241600.0,2018-08-26,ETHBTC,0.04123,0.04127,0.04062,0.04094,66336.36,2717.32
1535155200.0,2018-08-25,ETHBTC,0.04204,0.04207,0.0411,0.04123,78177.35,3249.28
1535068800.0,2018-08-24,ETHBTC,0.04234,0.04245,0.0415,0.04204,76078.04,3205.97
1534982400.0,2018-08-23,ETHBTC,0.04255,0.04322,0.04192,0.04234,77622.83,3294.16
1534896000.0,2018-08-22,ETHBTC,0.0434,0.0438,0.04143,0.04255,78518.28,3354.93
1534809600.0,2018-08-21,ETHBTC,0.04331,0.04414,0.04237,0.0434,79814.72,3468.2
1534723200.0,2018-08-20,ETHBTC,0.04621,0.04666,0.04286,0.04331,79330.92,3571.21
1534636800.0,2018-08-19,ETHBTC,0.04603,0.04748,0.04552,0.04621,70761.96,3282.25
1534550400.0,2018-08-18,ETHBTC,0.04822,0.04881,0.04483,0.04603,79309.46,3716.95
1534464000.0,2018-08-17,ETHBTC,0.0454,0.04848,0.04528,0.04822,94481.1,4381.58
1534377600.0,2018-08-16,ETHBTC,0.0449,0.04634,0.04457,0.0454,135671.48,6163.12
1534291200.0,2018-08-15,ETHBTC,0.04494,0.04635,0.0441,0.0449,85770.59,3863.26
1534204800.0,2018-08-14,ETHBTC,0.04539,0.04544,0.04195,0.04494,94684.77,4117.0
1534118400.0,2018-08-13,ETHBTC,0.05039,0.05061,0.04519,0.04539,82781.53,4012.74
1534032000.0,2018-08-12,ETHBTC,0.05088,0.05088,0.05088,0.05088,0.0,0.0
1533945600.0,2018-08-11,ETHBTC,0.05403,0.05415,0.05053,0.05088,41278.0,2158.82
1533859200.0,2018-08-10,ETHBTC,0.05562,0.05654,0.05365,0.05403,79953.12,4441.79
1533772800.0,2018-08-09,ETHBTC,0.05659,0.05717,0.05538,0.05562,72149.25,4074.97
1533686400.0,2018-08-08,ETHBTC,0.05624,0.05759,0.05543,0.05659,82615.2,4691.43
1533600000.0,2018-08-07,ETHBTC,0.05845,0.05856,0.05525,0.05624,81842.23,4708.69
1533513600.0,2018-08-06,ETHBTC,0.05815,0.05869,0.05764,0.05845,73709.19,4294.15
1533427200.0,2018-08-05,ETHBTC,0.05809,0.05857,0.05765,0.05815,67977.41,3949.07
1533340800.0,2018-08-04,ETHBTC,0.05631,0.0586,0.05578,0.05809,75776.97,4310.01
1533254400.0,2018-08-03,ETHBTC,0.05457,0.05655,0.05431,0.05631,75358.75,4174.78
1533168000.0,2018-08-02,ETHBTC,0.05528,0.05564,0.05423,0.05457,67584.27,3701.5
1533081600.0,2018-08-01,ETHBTC,0.05574,0.0564,0.0545,0.05528,68151.68,3786.84
1532995200.0,2018-07-31,ETHBTC,0.05584,0.0562,0.05432,0.05574,77613.69,4317.08
1532908800.0,2018-07-30,ETHBTC,0.05681,0.05711,0.05555,0.05584,76992.81,4348.52
1532822400.0,2018-07-29,ETHBTC,0.05691,0.05712,0.05652,0.05681,69083.62,3923.48
1532736000.0,2018-07-28,ETHBTC,0.05743,0.05754,0.05658,0.05691,69699.05,3983.23
1532649600.0,2018-07-27,ETHBTC,0.05835,0.059,0.05674,0.05743,73618.5,4271.08
1532563200.0,2018-07-26,ETHBTC,0.05778,0.05885,0.05753,0.05835,70381.88,4087.83
1532476800.0,2018-07-25,ETHBTC,0.05709,0.0582,0.0501,0.05778,80424.92,4624.34
1532390400.0,2018-07-24,ETHBTC,0.05827,0.06005,0.0565,0.05709,80919.25,4693.57
1532304000.0,2018-07-23,ETHBTC,0.06185,0.0619,0.05786,0.05827,79754.93,4770.05
1532217600.0,2018-07-22,ETHBTC,0.06228,0.064,0.06157,0.06185,62595.59,3892.92
1532131200.0,2018-07-21,ETHBTC,0.06122,0.06327,0.06094,0.06228,68009.17,4253.6
1532044800.0,2018-07-20,ETHBTC,0.06275,0.06276,0.06041,0.06122,80276.34,4956.01
1531958400.0,2018-07-19,ETHBTC,0.06496,0.06515,0.06254,0.06275,75633.44,4847.82
1531872000.0,2018-07-18,ETHBTC,0.06822,0.06872,0.06451,0.06496,72429.29,4836.75
1531785600.0,2018-07-17,ETHBTC,0.07121,0.07151,0.06796,0.06822,67657.07,4735.64
1531699200.0,2018-07-16,ETHBTC,0.0708,0.07185,0.07011,0.07121,72260.83,5141.07
1531612800.0,2018-07-15,ETHBTC,0.06935,0.07121,0.06911,0.0708,55979.06,3926.86
1531526400.0,2018-07-14,ETHBTC,0.06955,0.07009,0.06909,0.06935,48905.71,3399.57
1531440000.0,2018-07-13,ETHBTC,0.06898,0.07047,0.06888,0.06955,70368.49,4914.08
1531353600.0,2018-07-12,ETHBTC,0.06972,0.07036,0.06867,0.06898,69636.3,4845.77
1531267200.0,2018-07-11,ETHBTC,0.06867,0.06994,0.06753,0.06972,78547.99,5405.22
1531180800.0,2018-07-10,ETHBTC,0.07078,0.07094,0.06763,0.06867,73854.79,5110.82
1531094400.0,2018-07-09,ETHBTC,0.07251,0.0728,0.07068,0.07078,71448.69,5121.36
1531008000.0,2018-07-08,ETHBTC,0.07183,0.07448,0.07166,0.07251,64500.68,4659.95
1530921600.0,2018-07-07,ETHBTC,0.07122,0.07191,0.07016,0.07183,69288.36,4931.06
1530835200.0,2018-07-06,ETHBTC,0.07161,0.07188,0.07002,0.07122,68694.03,4894.48
1530748800.0,2018-07-05,ETHBTC,0.07101,0.07199,0.07073,0.07161,69644.25,4969.35
1530662400.0,2018-07-04,ETHBTC,0.07094,0.07198,0.07031,0.07101,73090.12,5192.88
1530576000.0,2018-07-03,ETHBTC,0.07199,0.07291,0.07068,0.07094,70872.12,5073.7
1530489600.0,2018-07-02,ETHBTC,0.0712,0.0724,0.07058,0.07199,73565.53,5240.88
1530403200.0,2018-07-01,ETHBTC,0.07098,0.07146,0.07039,0.0712,68263.19,4849.35
1530316800.0,2018-06-30,ETHBTC,0.07017,0.07164,0.06895,0.07098,70482.0,4975.96
1530230400.0,2018-06-29,ETHBTC,0.07186,0.07214,0.06913,0.07017,71191.58,5016.8
1530144000.0,2018-06-28,ETHBTC,0.07195,0.07226,0.0702,0.07186,59681.21,4257.6
1530057600.0,2018-06-27,ETHBTC,0.07082,0.07217,0.06996,0.07195,73229.64,5206.33
1529971200.0,2018-06-26,ETHBTC,0.0735,0.0738,0.07082,0.07082,76381.51,5536.77
1529884800.0,2018-06-25,ETHBTC,0.07398,0.07558,0.07283,0.0735,69412.58,5117.83
1529798400.0,2018-06-24,ETHBTC,0.07698,0.0772,0.07273,0.07398,73847.52,5531.76
1529712000.0,2018-06-23,ETHBTC,0.07647,0.07747,0.07569,0.07698,73187.94,5626.21
1529625600.0,2018-06-22,ETHBTC,0.07827,0.0784,0.075,0.07647,76136.92,5857.6
1529539200.0,2018-06-21,ETHBTC,0.07939,0.0805,0.0779,0.07827,68287.46,5408.42
1529452800.0,2018-06-20,ETHBTC,0.07979,0.08,0.07845,0.07939,66960.42,5301.59
1529366400.0,2018-06-19,ETHBTC,0.07727,0.08018,0.07689,0.07979,68191.78,5351.23
1529280000.0,2018-06-18,ETHBTC,0.07709,0.07769,0.07627,0.07727,65404.93,5032.48
1529193600.0,2018-06-17,ETHBTC,0.0766,0.0779,0.07644,0.07709,63941.75,4920.51
1529107200.0,2018-06-16,ETHBTC,0.07633,0.07744,0.07594,0.0766,62024.45,4760.03
1529020800.0,2018-06-15,ETHBTC,0.07821,0.07849,0.07464,0.07633,74354.42,5693.98
1528934400.0,2018-06-14,ETHBTC,0.07554,0.07912,0.07279,0.07821,85356.66,6456.85
1528848000.0,2018-06-13,ETHBTC,0.07552,0.07639,0.07232,0.07554,90761.95,6771.24
1528761600.0,2018-06-12,ETHBTC,0.07731,0.07847,0.07472,0.07552,74507.25,5739.69
1528675200.0,2018-06-11,ETHBTC,0.07747,0.07908,0.0763,0.07731,76373.78,5940.22
1528588800.0,2018-06-10,ETHBTC,0.07921,0.07959,0.07544,0.07747,76966.75,6019.95
1528502400.0,2018-06-09,ETHBTC,0.07887,0.07942,0.0785,0.07921,69318.29,5480.13
1528416000.0,2018-06-08,ETHBTC,0.07871,0.07952,0.0781,0.07887,69411.74,5471.15
1528329600.0,2018-06-07,ETHBTC,0.07925,0.07972,0.0783,0.07871,70869.02,5601.21
1528243200.0,2018-06-06,ETHBTC,0.07987,0.08009,0.07899,0.07925,74158.98,5897.45
1528156800.0,2018-06-05,ETHBTC,0.07903,0.0806,0.07817,0.07987,74916.33,5945.67
1528070400.0,2018-06-04,ETHBTC,0.08023,0.0808,0.07776,0.07903,72778.04,5780.21
1527984000.0,2018-06-03,ETHBTC,0.07743,0.08088,0.07733,0.08023,69289.98,5501.68
1527897600.0,2018-06-02,ETHBTC,0.07696,0.07812,0.07655,0.07743,68996.39,5340.88
1527811200.0,2018-06-01,ETHBTC,0.07716,0.0778,0.07593,0.07696,69568.78,5353.09
1527724800.0,2018-05-31,ETHBTC,0.07557,0.07745,0.0753,0.07716,71185.62,5430.42
1527638400.0,2018-05-30,ETHBTC,0.07591,0.07754,0.0742,0.07557,63922.31,4833.21
1527552000.0,2018-05-29,ETHBTC,0.07205,0.0765,0.072,0.07591,73419.78,5457.27
1527465600.0,2018-05-28,ETHBTC,0.0777,0.07795,0.07169,0.07205,78523.32,5830.06
1527379200.0,2018-05-27,ETHBTC,0.07986,0.08041,0.07638,0.0777,75204.92,5902.49
1527292800.0,2018-05-26,ETHBTC,0.07844,0.08055,0.07775,0.07986,70163.53,5574.36
1527206400.0,2018-05-25,ETHBTC,0.0795,0.08106,0.0773,0.07844,79051.82,6277.28
1527120000.0,2018-05-24,ETHBTC,0.07704,0.07957,0.07512,0.0795,91316.8,7108.55
1527033600.0,2018-05-23,ETHBTC,0.08034,0.08103,0.0757,0.07704,84728.19,6677.32
1526947200.0,2018-05-22,ETHBTC,0.08309,0.08387,0.0801,0.08034,77841.81,6427.29
1526860800.0,2018-05-21,ETHBTC,0.08395,0.0844,0.0825,0.08309,70682.7,5904.52
1526774400.0,2018-05-20,ETHBTC,0.08456,0.08595,0.0838,0.08395,77560.56,6593.13
1526688000.0,2018-05-19,ETHBTC,0.08418,0.08586,0.08338,0.08456,76053.79,6418.45
1526601600.0,2018-05-18,ETHBTC,0.08306,0.08441,0.08266,0.08418,84438.27,7071.14
1526515200.0,2018-05-17,ETHBTC,0.08461,0.08532,0.08269,0.08306,81619.72,6894.14
1526428800.0,2018-05-16,ETHBTC,0.08334,0.08477,0.0826,0.08461,84572.76,7094.2
1526342400.0,2018-05-15,ETHBTC,0.08397,0.08494,0.08233,0.08334,81788.48,6848.47
1526256000.0,2018-05-14,ETHBTC,0.08418,0.085,0.08239,0.08397,70729.54,5923.23
1526169600.0,2018-05-13,ETHBTC,0.08081,0.08519,0.07981,0.08418,89945.07,7387.35
1526083200.0,2018-05-12,ETHBTC,0.08057,0.08114,0.07726,0.08081,106571.72,8481.51
1525996800.0,2018-05-11,ETHBTC,0.08026,0.08255,0.07823,0.08057,94571.77,7593.14
1525910400.0,2018-05-10,ETHBTC,0.08067,0.08214,0.08003,0.08026,107870.04,8768.48
1525824000.0,2018-05-09,ETHBTC,0.08144,0.08178,0.07913,0.08067,101056.83,8127.92
1525737600.0,2018-05-08,ETHBTC,0.08032,0.08216,0.079,0.08144,97053.74,7838.27
1525651200.0,2018-05-07,ETHBTC,0.08224,0.08259,0.07564,0.08032,147340.74,11704.22
1525564800.0,2018-05-06,ETHBTC,0.08309,0.08456,0.07992,0.08224,142666.44,11725.71
1525478400.0,2018-05-05,ETHBTC,0.08081,0.0833,0.08049,0.08309,144802.14,11919.72
1525392000.0,2018-05-04,ETHBTC,0.08004,0.08316,0.07928,0.08081,156854.83,12711.1
1525305600.0,2018-05-03,ETHBTC,0.07455,0.08091,0.07439,0.08004,156381.76,12250.8
1525219200.0,2018-05-02,ETHBTC,0.07398,0.07524,0.07379,0.07455,95683.18,7123.55
1525132800.0,2018-05-01,ETHBTC,0.0724,0.07469,0.07048,0.07398,49846.67,3638.18
1525046400.0,2018-04-30,ETHBTC,0.07328,0.0751,0.07204,0.0724,56300.39,4136.51
1524960000.0,2018-04-29,ETHBTC,0.07307,0.074,0.07228,0.07328,59240.31,4331.39
1524873600.0,2018-04-28,ETHBTC,0.07204,0.07389,0.07192,0.07307,51451.77,3764.99
1524787200.0,2018-04-27,ETHBTC,0.07157,0.07353,0.07068,0.07204,54097.37,3900.3
1524700800.0,2018-04-26,ETHBTC,0.06961,0.0719,0.06903,0.07157,67454.82,4791.08
1524614400.0,2018-04-25,ETHBTC,0.07293,0.07309,0.06666,0.06961,71802.66,5007.96
1524528000.0,2018-04-24,ETHBTC,0.07201,0.07573,0.07165,0.07293,71238.71,5268.46
1524441600.0,2018-04-23,ETHBTC,0.07074,0.07264,0.07051,0.07201,62638.65,4495.79
1524355200.0,2018-04-22,ETHBTC,0.06794,0.0723,0.06699,0.07074,65068.07,4542.94
1524268800.0,2018-04-21,ETHBTC,0.06963,0.06983,0.06663,0.06794,71796.14,4921.54
1524182400.0,2018-04-20,ETHBTC,0.06871,0.07118,0.06768,0.06963,80199.8,5547.67
1524096000.0,2018-04-19,ETHBTC,0.06452,0.06896,0.06414,0.06871,67722.0,4479.31
1524009600.0,2018-04-18,ETHBTC,0.06376,0.06458,0.063,0.06452,55565.0,3544.2
1523923200.0,2018-04-17,ETHBTC,0.06341,0.06423,0.06287,0.06376,56740.31,3603.78
1523836800.0,2018-04-16,ETHBTC,0.06384,0.06404,0.06287,0.06341,51178.33,3240.64
1523750400.0,2018-04-15,ETHBTC,0.06291,0.06398,0.0623,0.06384,52423.3,3311.87
1523664000.0,2018-04-14,ETHBTC,0.06259,0.06355,0.06172,0.06291,52785.88,3303.24
1523577600.0,2018-04-13,ETHBTC,0.06238,0.06477,0.06182,0.06259,82055.38,5184.73
1523491200.0,2018-04-12,ETHBTC,0.06178,0.06312,0.0591,0.06238,89655.55,5500.76
1523404800.0,2018-04-11,ETHBTC,0.06076,0.0621,0.06014,0.06178,53004.26,3227.44
1523318400.0,2018-04-10,ETHBTC,0.0589,0.06095,0.05837,0.06076,52807.29,3131.92
1523232000.0,2018-04-09,ETHBTC,0.05714,0.06026,0.05693,0.0589,61484.39,3603.69
1523145600.0,2018-04-08,ETHBTC,0.05582,0.0574,0.05542,0.05714,51793.79,2923.44
1523059200.0,2018-04-07,ETHBTC,0.05592,0.05615,0.05507,0.05582,50021.78,2784.24
1522972800.0,2018-04-06,ETHBTC,0.05633,0.0565,0.0555,0.05592,53083.04,2967.43
1522886400.0,2018-04-05,ETHBTC,0.0557,0.05646,0.0554,0.05633,65171.38,3645.34
1522800000.0,2018-04-04,ETHBTC,0.05598,0.05624,0.05351,0.0557,60401.63,3327.83
1522713600.0,2018-04-03,ETHBTC,0.05452,0.05606,0.0537,0.05598,54478.06,2976.53
1522627200.0,2018-04-02,ETHBTC,0.05555,0.05581,0.05438,0.05452,76967.3,4246.51
1522540800.0,2018-04-01,ETHBTC,0.05684,0.05706,0.0551,0.05555,73199.94,4108.58
1522454400.0,2018-03-31,ETHBTC,0.05753,0.059,0.05637,0.05684,78522.65,4500.51
1522368000.0,2018-03-30,ETHBTC,0.05277,0.05757,0.052,0.05753,95904.0,5346.86
1522281600.0,2018-03-29,ETHBTC,0.0562,0.05655,0.0501,0.05277,96156.82,5264.92
1522195200.0,2018-03-28,ETHBTC,0.05748,0.0581,0.05596,0.0562,71132.16,4052.3
1522108800.0,2018-03-27,ETHBTC,0.05971,0.0645,0.0535,0.05748,86672.32,5039.23
1522022400.0,2018-03-26,ETHBTC,0.06197,0.06212,0.05916,0.05971,68057.01,4120.16
1521936000.0,2018-03-25,ETHBTC,0.06084,0.06232,0.06062,0.06197,44224.05,2702.07
1521849600.0,2018-03-24,ETHBTC,0.06093,0.06119,0.06,0.06084,40347.35,2443.68
1521763200.0,2018-03-23,ETHBTC,0.06205,0.06215,0.06057,0.06093,67481.68,4141.23
1521676800.0,2018-03-22,ETHBTC,0.06293,0.06354,0.06091,0.06205,71728.61,4470.78
1521590400.0,2018-03-21,ETHBTC,0.06257,0.06489,0.06209,0.06293,74909.31,4750.73
1521504000.0,2018-03-20,ETHBTC,0.06451,0.06495,0.06201,0.06257,73623.07,4642.66
1521417600.0,2018-03-19,ETHBTC,0.06566,0.06669,0.06322,0.06451,78017.47,5041.76
1521331200.0,2018-03-18,ETHBTC,0.06983,0.07,0.06189,0.06566,91949.28,6054.96
1521244800.0,2018-03-17,ETHBTC,0.07254,0.07355,0.06983,0.06983,72669.65,5270.17
1521158400.0,2018-03-16,ETHBTC,0.07393,0.07445,0.07173,0.07254,67604.64,4959.22
1521072000.0,2018-03-15,ETHBTC,0.07447,0.07546,0.073,0.07393,68990.7,5129.67
1520985600.0,2018-03-14,ETHBTC,0.07532,0.07642,0.07334,0.07447,67592.66,5100.13
1520899200.0,2018-03-13,ETHBTC,0.07631,0.0773,0.07474,0.07532,70793.72,5377.4
1520812800.0,2018-03-12,ETHBTC,0.07576,0.07725,0.07404,0.07631,95980.51,7246.39
1520726400.0,2018-03-11,ETHBTC,0.07754,0.0796,0.07469,0.07576,92073.6,7172.95
1520640000.0,2018-03-10,ETHBTC,0.07846,0.07979,0.07702,0.07754,96863.01,7583.31
1520553600.0,2018-03-09,ETHBTC,0.07514,0.07878,0.07455,0.07846,61117.45,4707.05
1520467200.0,2018-03-08,ETHBTC,0.07574,0.07719,0.07428,0.07514,82887.9,6310.78
1520380800.0,2018-03-07,ETHBTC,0.07588,0.07662,0.06541,0.07574,107866.4,8062.8
1520294400.0,2018-03-06,ETHBTC,0.07399,0.07648,0.0677,0.07588,97438.13,7351.56
1520208000.0,2018-03-05,ETHBTC,0.0752,0.0757,0.0732,0.07399,100120.23,7507.24
1520121600.0,2018-03-04,ETHBTC,0.07474,0.07752,0.0744,0.0752,106290.19,8056.4
1520035200.0,2018-03-03,ETHBTC,0.07767,0.07772,0.0745,0.07474,107750.03,8176.44
1519948800.0,2018-03-02,ETHBTC,0.07971,0.07989,0.07705,0.07767,103912.41,8175.49
1519862400.0,2018-03-01,ETHBTC,0.08251,0.08308,0.0792,0.07971,97560.07,7948.93
1519776000.0,2018-02-28,ETHBTC,0.08238,0.08312,0.0801,0.08251,93461.14,7652.35
1519689600.0,2018-02-27,ETHBTC,0.08409,0.08543,0.08152,0.08238,95995.03,8001.7
1519603200.0,2018-02-26,ETHBTC,0.08781,0.08947,0.08347,0.08409,85501.01,7477.54
1519516800.0,2018-02-25,ETHBTC,0.08612,0.08864,0.08582,0.08781,85893.34,7473.33
1519430400.0,2018-02-24,ETHBTC,0.08419,0.0865,0.08278,0.08612,89965.83,7601.83
1519344000.0,2018-02-23,ETHBTC,0.08177,0.086,0.08151,0.08419,94213.95,7967.32
1519257600.0,2018-02-22,ETHBTC,0.08028,0.0819,0.07934,0.08177,86724.08,6977.99
1519171200.0,2018-02-21,ETHBTC,0.07879,0.08152,0.078,0.08028,91943.48,7382.99
1519084800.0,2018-02-20,ETHBTC,0.0843,0.0843,0.07726,0.07879,98455.96,8049.32
1518998400.0,2018-02-19,ETHBTC,0.08766,0.08871,0.08361,0.0843,93817.6,8128.2
1518912000.0,2018-02-18,ETHBTC,0.08773,0.08935,0.08611,0.08766,94527.1,8313.72
1518825600.0,2018-02-17,ETHBTC,0.0923,0.09286,0.08742,0.08773,97137.12,8751.97
1518739200.0,2018-02-16,ETHBTC,0.09229,0.0948,0.09121,0.0923,98327.53,9158.57
1518652800.0,2018-02-15,ETHBTC,0.09731,0.09731,0.09121,0.09229,95138.32,9055.81
1518566400.0,2018-02-14,ETHBTC,0.09865,0.09865,0.096,0.09731,99172.6,9677.43
1518480000.0,2018-02-13,ETHBTC,0.09727,0.09886,0.09702,0.09865,103335.19,10111.89
1518393600.0,2018-02-12,ETHBTC,0.1003,0.1004,0.097,0.09727,110199.19,10915.11
1518307200.0,2018-02-11,ETHBTC,0.09991,0.1009,0.0993,0.1003,222786.99,22308.7
1518220800.0,2018-02-10,ETHBTC,0.101,0.1012,0.0994,0.09991,151139.62,15167.22
1518134400.0,2018-02-09,ETHBTC,0.09858,0.1018,0.0985,0.101,203496.94,20423.56
1518048000.0,2018-02-08,ETHBTC,0.09924,0.1014,0.09601,0.09858,461613.44,46005.65
1517961600.0,2018-02-07,ETHBTC,0.1019,0.1021,0.09881,0.09924,306484.41,30838.56
1517875200.0,2018-02-06,ETHBTC,0.1008,0.1023,0.09438,0.1019,109117.82,10802.34
1517788800.0,2018-02-05,ETHBTC,0.101,0.1032,0.0958,0.1008,87868.48,8843.75
1517702400.0,2018-02-04,ETHBTC,0.1056,0.1057,0.09972,0.101,42649.93,4379.26
1517616000.0,2018-02-03,ETHBTC,0.104,0.1076,0.1034,0.1056,57094.15,6021.19
1517529600.0,2018-02-02,ETHBTC,0.1131,0.1133,0.09806,0.104,96590.32,10290.31
1517443200.0,2018-02-01,ETHBTC,0.1094,0.1228,0.1094,0.1131,97300.0,11138.48
1517356800.0,2018-01-31,ETHBTC,0.1059,0.1106,0.1054,0.1094,70311.75,7608.95
1517270400.0,2018-01-30,ETHBTC,0.1046,0.108,0.103,0.1059,64358.31,6815.81
1517184000.0,2018-01-29,ETHBTC,0.1052,0.1063,0.1032,0.1046,56244.71,5892.89
1517097600.0,2018-01-28,ETHBTC,0.0973,0.1057,0.0971,0.1052,71183.08,7253.16
1517011200.0,2018-01-27,ETHBTC,0.0946,0.098,0.0944,0.0973,54034.37,5180.04
1516924800.0,2018-01-26,ETHBTC,0.094,0.097,0.09261,0.0946,64054.16,6070.12
1516838400.0,2018-01-25,ETHBTC,0.0933,0.09526,0.09311,0.094,71802.55,6764.8
1516752000.0,2018-01-24,ETHBTC,0.09095,0.09419,0.0904,0.0933,52566.25,4828.17
1516665600.0,2018-01-23,ETHBTC,0.09224,0.09265,0.08918,0.09095,72671.02,6637.96
1516579200.0,2018-01-22,ETHBTC,0.09101,0.09282,0.0906,0.09224,72782.22,6684.72
1516492800.0,2018-01-21,ETHBTC,0.09017,0.09272,0.08958,0.09101,58743.31,5328.29
1516406400.0,2018-01-20,ETHBTC,0.09008,0.09111,0.08814,0.09017,62343.18,5577.52
1516320000.0,2018-01-19,ETHBTC,0.09036,0.09185,0.08994,0.09008,75823.88,6884.46
1516233600.0,2018-01-18,ETHBTC,0.09101,0.0928,0.08802,0.09036,91378.85,8249.54
1516147200.0,2018-01-17,ETHBTC,0.09215,0.09394,0.0833,0.09101,102468.05,9056.36
1516060800.0,2018-01-16,ETHBTC,0.09398,0.09572,0.08553,0.09215,108796.33,10054.19
1515974400.0,2018-01-15,ETHBTC,0.0996,0.1008,0.09136,0.09398,82810.84,7938.78
1515888000.0,2018-01-14,ETHBTC,0.09751,0.0996,0.09512,0.0996,78828.44,7695.93
1515801600.0,2018-01-13,ETHBTC,0.09133,0.1,0.0901,0.09751,82174.97,7767.2
1515715200.0,2018-01-12,ETHBTC,0.0861,0.092,0.085,0.09133,75824.58,6757.49
1515628800.0,2018-01-11,ETHBTC,0.08414,0.09196,0.08414,0.0861,86181.71,7659.88
1515542400.0,2018-01-10,ETHBTC,0.0897,0.09991,0.08302,0.08414,84631.83,7840.35
1515456000.0,2018-01-09,ETHBTC,0.07601,0.0921,0.07601,0.0897,85321.84,6942.4
1515369600.0,2018-01-08,ETHBTC,0.06938,0.07891,0.06938,0.07601,91838.23,6883.91
1515283200.0,2018-01-07,ETHBTC,0.05892,0.06938,0.05892,0.06938,96829.8,6317.74
1515196800.0,2018-01-06,ETHBTC,0.05695,0.06157,0.05643,0.05892,88737.46,5321.24
1515110400.0,2018-01-05,ETHBTC,0.06238,0.0693,0.05555,0.05695,90808.64,5714.37
1515024000.0,2018-01-04,ETHBTC,0.06256,0.06937,0.06038,0.06238,94051.16,6144.77
1514937600.0,2018-01-03,ETHBTC,0.05826,0.064,0.05667,0.06256,108453.81,6417.4
1514851200.0,2018-01-02,ETHBTC,0.0564,0.06688,0.05376,0.05826,130300.85,8067.83
1514764800.0,2018-01-01,ETHBTC,0.05353,0.05708,0.05353,0.0564,83986.82,4677.51
1514678400.0,2017-12-31,ETHBTC,0.05515,0.05533,0.05245,0.05353,85283.77,4608.38
1514592000.0,2017-12-30,ETHBTC,0.0511,0.05531,0.05083,0.05515,67318.07,3592.87
1514505600.0,2017-12-29,ETHBTC,0.0499,0.05353,0.04944,0.0511,47210.64,2393.42
1514419200.0,2017-12-28,ETHBTC,0.04778,0.05074,0.04769,0.0499,56743.74,2801.28
1514332800.0,2017-12-27,ETHBTC,0.04784,0.04891,0.04637,0.04778,49568.58,2371.22
1514246400.0,2017-12-26,ETHBTC,0.05225,0.05347,0.04641,0.04784,53102.68,2618.39
1514160000.0,2017-12-25,ETHBTC,0.0487,0.053,0.0487,0.05225,53937.97,2797.35
1514073600.0,2017-12-24,ETHBTC,0.04822,0.049,0.0475,0.0487,60854.46,2938.19
1513987200.0,2017-12-23,ETHBTC,0.0477,0.04909,0.04756,0.04822,62502.21,3020.7
1513900800.0,2017-12-22,ETHBTC,0.05066,0.05154,0.04536,0.0477,67894.92,3291.61
1513814400.0,2017-12-21,ETHBTC,0.0483,0.05162,0.0478,0.05066,72031.67,3573.32
1513728000.0,2017-12-20,ETHBTC,0.04621,0.0489,0.04489,0.0483,70496.32,3323.06
1513641600.0,2017-12-19,ETHBTC,0.04153,0.04686,0.04088,0.04621,79265.43,3540.67
1513555200.0,2017-12-18,ETHBTC,0.03746,0.04296,0.03714,0.04153,61432.94,2410.41
1513468800.0,2017-12-17,ETHBTC,0.03546,0.03842,0.03538,0.03746,57455.31,2114.32
1513382400.0,2017-12-16,ETHBTC,0.03926,0.03926,0.03486,0.03546,38155.21,1407.08
1513296000.0,2017-12-15,ETHBTC,0.04157,0.04157,0.03366,0.03926,40825.12,1532.28
1513209600.0,2017-12-14,ETHBTC,0.0428,0.04638,0.03979,0.04157,79480.47,3475.25
1513123200.0,2017-12-13,ETHBTC,0.03819,0.04433,0.036,0.0428,91282.56,3602.81
1513036800.0,2017-12-12,ETHBTC,0.03078,0.03998,0.02988,0.03819,155159.83,5160.98
1512950400.0,2017-12-11,ETHBTC,0.0287,0.03118,0.02686,0.03078,127758.64,3593.0
1512864000.0,2017-12-10,ETHBTC,0.03138,0.03276,0.028,0.0287,87446.15,2658.94
1512777600.0,2017-12-09,ETHBTC,0.02782,0.03473,0.02741,0.03138,102633.79,3182.18
1512691200.0,2017-12-08,ETHBTC,0.02471,0.03189,0.02334,0.02782,171923.83,4743.33
1512604800.0,2017-12-07,ETHBTC,0.0306,0.03237,0.02464,0.02471,153395.34,4245.37
1512518400.0,2017-12-06,ETHBTC,0.03879,0.03884,0.03,0.0306,89489.7,3101.91
1512432000.0,2017-12-05,ETHBTC,0.04019,0.0403,0.03858,0.03879,61414.35,2420.28
1512345600.0,2017-12-04,ETHBTC,0.04117,0.04126,0.0401,0.04019,50303.49,2044.49
1512259200.0,2017-12-03,ETHBTC,0.04192,0.04222,0.0406,0.04117,39741.71,1645.55
1512172800.0,2017-12-02,ETHBTC,0.04242,0.0427,0.04162,0.04192,82392.75,3476.21
1512086400.0,2017-12-01,ETHBTC,0.04259,0.04368,0.04241,0.04242,55801.28,2392.12
